
<?xml version="1.0" encoding="UTF-8" ?>
<!-- This is a WordPress eXtended RSS file generated by WordPress as an export of your site. -->
<!-- It contains information about your site's posts, pages, comments, categories, and other content. -->
<!-- You may use this file to transfer that content from one site to another. -->
<!-- This file is not intended to serve as a complete backup of your site. -->

<!-- To import this information into a WordPress site follow these steps: -->
<!-- 1. Log in to that site as an administrator. -->
<!-- 2. Go to Tools: Import in the WordPress admin panel. -->
<!-- 3. Install the "WordPress" importer from the list. -->
<!-- 4. Activate & Run Importer. -->
<!-- 5. Upload this file using the form provided on that page. -->
<!-- 6. You will first be asked to map the authors in this export file to users -->
<!--    on the site. For each author, you may choose to map to an -->
<!--    existing user on the site or to create a new user. -->
<!-- 7. WordPress will then import each of the posts, pages, comments, categories, etc. -->
<!--    contained in this file into your site. -->

	
<rss version="2.0"
	xmlns:excerpt="http://wordpress.org/export/1.2/excerpt/"
	xmlns:content="http://purl.org/rss/1.0/modules/content/"
	xmlns:wfw="http://wellformedweb.org/CommentAPI/"
	xmlns:dc="http://purl.org/dc/elements/1.1/"
	xmlns:wp="http://wordpress.org/export/1.2/"
>

<channel>
	<title>Order Sons and Daughters of Italy in America</title>
	<link>https://osdia-national-website.mmp</link>
	<description></description>
	<pubDate>Mon, 18 Mar 2024 19:20:50 +0000</pubDate>
	<language>en-US</language>
	<wp:wxr_version>1.2</wp:wxr_version>
	<wp:base_site_url>https://osdia-national-website.mmp</wp:base_site_url>
	<wp:base_blog_url>https://osdia-national-website.mmp</wp:base_blog_url>

		<wp:author><wp:author_id>23</wp:author_id><wp:author_login><![CDATA[rob.moore@memberminderpro.com]]></wp:author_login><wp:author_email><![CDATA[rob.moore@memberminderpro.com]]></wp:author_email><wp:author_display_name><![CDATA[Rob Moore]]></wp:author_display_name><wp:author_first_name><![CDATA[Rob]]></wp:author_first_name><wp:author_last_name><![CDATA[Moore]]></wp:author_last_name></wp:author>

				
	

<image>
	<url>http://osdia-national-website.mmp/wp-content/uploads/2017/11/cropped-OSIA-gold-32x32.jpg</url>
	<title>Order Sons and Daughters of Italy in America</title>
	<link>https://osdia-national-website.mmp</link>
	<width>32</width>
	<height>32</height>
</image> 

		<item>
		<title><![CDATA[2024]]></title>
		<link>https://osdia-national-website.mmp/nelagala/2024-2/</link>
		<pubDate>Tue, 12 Mar 2024 23:11:38 +0000</pubDate>
		<dc:creator><![CDATA[rob.moore@memberminderpro.com]]></dc:creator>
		<guid isPermaLink="false">http://osdia-national-website.mmp/?post_type=nelagala_event&#038;p=7274</guid>
		<description></description>
		<content:encoded><![CDATA[<p class="has-nv-dark-bg-color has-text-color">Since 1989, the <a href="http://osdia-national-website.mmp/sons-of-italy-foundation/">Sons of Italy Foundation’s (SIF)</a> Annual National Education &amp; Leadership Awards (NELA) Gala has raised millions of dollars and has hosted many distinguished individuals. Past attendees have included U.S. presidents, members of Congress and the Cabinet, and foreign diplomats. Previous SIF honorees include President<span> </span><strong>Bill Clinton</strong>; President<span> </span><strong>George W. Bush</strong>; Italy’s President<span> </span><strong>Giorgio Napolitano</strong>; U.S. Supreme Court Justices<span> </span><strong>Antonin Scalia<span> </span></strong>and<span> </span><strong>Samuel Alito</strong>; former Secretary of Defense<span> </span><strong>Leon Panetta</strong>; former Fiat CEO<span> </span><strong>Sergio Marchionne</strong>; science &amp; medicine luminaries<span> </span><strong>Dr. Anthony Fauci</strong>,<strong><span> </span>Dr. Robert Gallo</strong>, and<strong><span> </span>Dr. Michael Sofia;<span> </span></strong>entertainers<span> </span><strong>Frank Sinatra</strong>,<strong><span> </span>Tony Bennett</strong>,<strong><span> </span>Annette Funicello</strong>, and<span> </span><strong>Gary Sinise</strong>; and sports legends<span> </span><strong>Mario Andretti</strong>,<strong><span> </span>Geno Auriemma</strong>, and<strong><span> </span>Tommy Lasorda.</strong></p>
<p class="has-nv-dark-bg-color has-text-color">Founded in 1959, the SIF has contributed millions of dollars to scholarships, medical research, disaster relief efforts, cultural projects, veterans’ causes, and other special projects. The proceeds from the NELA Gala help fund its philanthropy.</p>
<strong><a href="http://osdia-national-website.mmp/sons-of-italy-foundation/contribution-highlights/">Click Here to View a Snapshot of SIF’s History of Giving</a></strong>]]></content:encoded>
		<excerpt:encoded><![CDATA[Sons of Italy Foundation presents the 35th Annual National Education & Leadership Awards Gala on Thursday, May 23, 2024, at the Ronald Reagan Building and International Trade Center in Washington, D.C. ]]></excerpt:encoded>
		<wp:post_id>7274</wp:post_id>
		<wp:post_date><![CDATA[2024-03-12 19:11:38]]></wp:post_date>
		<wp:post_date_gmt><![CDATA[2024-03-12 23:11:38]]></wp:post_date_gmt>
		<wp:post_modified><![CDATA[2024-03-17 01:54:24]]></wp:post_modified>
		<wp:post_modified_gmt><![CDATA[2024-03-17 05:54:24]]></wp:post_modified_gmt>
		<wp:comment_status><![CDATA[closed]]></wp:comment_status>
		<wp:ping_status><![CDATA[closed]]></wp:ping_status>
		<wp:post_name><![CDATA[2024-2]]></wp:post_name>
		<wp:status><![CDATA[publish]]></wp:status>
		<wp:post_parent>0</wp:post_parent>
		<wp:menu_order>0</wp:menu_order>
		<wp:post_type><![CDATA[nelagala_event]]></wp:post_type>
		<wp:post_password><![CDATA[]]></wp:post_password>
		<wp:is_sticky>0</wp:is_sticky>
										<category domain="event_year" nicename="2024"><![CDATA[2024]]></category>
						<wp:postmeta>
		<wp:meta_key><![CDATA[_edit_last]]></wp:meta_key>
		<wp:meta_value><![CDATA[23]]></wp:meta_value>
		</wp:postmeta>
							<wp:postmeta>
		<wp:meta_key><![CDATA[_thumbnail_id]]></wp:meta_key>
		<wp:meta_value><![CDATA[7275]]></wp:meta_value>
		</wp:postmeta>
							<wp:postmeta>
		<wp:meta_key><![CDATA[nelagala_event_title]]></wp:meta_key>
		<wp:meta_value><![CDATA[National Education & Leadership Awards]]></wp:meta_value>
		</wp:postmeta>
							<wp:postmeta>
		<wp:meta_key><![CDATA[_nelagala_event_title]]></wp:meta_key>
		<wp:meta_value><![CDATA[field_65e4f3ca29837]]></wp:meta_value>
		</wp:postmeta>
							<wp:postmeta>
		<wp:meta_key><![CDATA[nelagala_event_datetime]]></wp:meta_key>
		<wp:meta_value><![CDATA[2024-05-23 19:00:00]]></wp:meta_value>
		</wp:postmeta>
							<wp:postmeta>
		<wp:meta_key><![CDATA[_nelagala_event_datetime]]></wp:meta_key>
		<wp:meta_value><![CDATA[field_65e4f44c29838]]></wp:meta_value>
		</wp:postmeta>
							<wp:postmeta>
		<wp:meta_key><![CDATA[nelagala_event_location]]></wp:meta_key>
		<wp:meta_value><![CDATA[a:15:{s:7:"address";s:105:"Ronald Reagan Building and International Trade Center, Pennsylvania Avenue Northwest, Washington, DC, USA";s:3:"lat";d:38.893916599999997;s:3:"lng";d:-77.030774899999997;s:4:"zoom";i:17;s:8:"place_id";s:27:"ChIJf0sxzZm3t4kRnYgILhTJeC4";s:4:"name";s:53:"Ronald Reagan Building and International Trade Center";s:13:"street_number";s:4:"1300";s:11:"street_name";s:29:"Pennsylvania Avenue Northwest";s:17:"street_name_short";s:22:"Pennsylvania Avenue NW";s:4:"city";s:10:"Washington";s:5:"state";s:20:"District of Columbia";s:11:"state_short";s:2:"DC";s:9:"post_code";s:5:"20004";s:7:"country";s:13:"United States";s:13:"country_short";s:2:"US";}]]></wp:meta_value>
		</wp:postmeta>
							<wp:postmeta>
		<wp:meta_key><![CDATA[_nelagala_event_location]]></wp:meta_key>
		<wp:meta_value><![CDATA[field_65e4f48829839]]></wp:meta_value>
		</wp:postmeta>
							<wp:postmeta>
		<wp:meta_key><![CDATA[nelagala_venue_name]]></wp:meta_key>
		<wp:meta_value><![CDATA[Ronald Reagan Building & International Trade Center]]></wp:meta_value>
		</wp:postmeta>
							<wp:postmeta>
		<wp:meta_key><![CDATA[_nelagala_venue_name]]></wp:meta_key>
		<wp:meta_value><![CDATA[field_65e4f503f76e8]]></wp:meta_value>
		</wp:postmeta>
							<wp:postmeta>
		<wp:meta_key><![CDATA[promotional_video]]></wp:meta_key>
		<wp:meta_value><![CDATA[https://www.youtube.com/embed/TqxoBDaSsCE?si=zPVg1wtV9D3Zf_bE]]></wp:meta_value>
		</wp:postmeta>
							<wp:postmeta>
		<wp:meta_key><![CDATA[_promotional_video]]></wp:meta_key>
		<wp:meta_value><![CDATA[field_65e513afd8dae]]></wp:meta_value>
		</wp:postmeta>
							<wp:postmeta>
		<wp:meta_key><![CDATA[roles_0_role]]></wp:meta_key>
		<wp:meta_value><![CDATA[NELA Gala Honorary Chair]]></wp:meta_value>
		</wp:postmeta>
							<wp:postmeta>
		<wp:meta_key><![CDATA[_roles_0_role]]></wp:meta_key>
		<wp:meta_value><![CDATA[field_65e51741e1050]]></wp:meta_value>
		</wp:postmeta>
							<wp:postmeta>
		<wp:meta_key><![CDATA[roles_0_participant]]></wp:meta_key>
		<wp:meta_value><![CDATA[7272]]></wp:meta_value>
		</wp:postmeta>
							<wp:postmeta>
		<wp:meta_key><![CDATA[_roles_0_participant]]></wp:meta_key>
		<wp:meta_value><![CDATA[field_65e5174ce1051]]></wp:meta_value>
		</wp:postmeta>
							<wp:postmeta>
		<wp:meta_key><![CDATA[roles_1_role]]></wp:meta_key>
		<wp:meta_value><![CDATA[Master of Ceremonies]]></wp:meta_value>
		</wp:postmeta>
							<wp:postmeta>
		<wp:meta_key><![CDATA[_roles_1_role]]></wp:meta_key>
		<wp:meta_value><![CDATA[field_65e51741e1050]]></wp:meta_value>
		</wp:postmeta>
							<wp:postmeta>
		<wp:meta_key><![CDATA[roles_1_participant]]></wp:meta_key>
		<wp:meta_value><![CDATA[7263]]></wp:meta_value>
		</wp:postmeta>
							<wp:postmeta>
		<wp:meta_key><![CDATA[_roles_1_participant]]></wp:meta_key>
		<wp:meta_value><![CDATA[field_65e5174ce1051]]></wp:meta_value>
		</wp:postmeta>
							<wp:postmeta>
		<wp:meta_key><![CDATA[roles_2_role]]></wp:meta_key>
		<wp:meta_value><![CDATA[Featured Entertainment]]></wp:meta_value>
		</wp:postmeta>
							<wp:postmeta>
		<wp:meta_key><![CDATA[_roles_2_role]]></wp:meta_key>
		<wp:meta_value><![CDATA[field_65e51741e1050]]></wp:meta_value>
		</wp:postmeta>
							<wp:postmeta>
		<wp:meta_key><![CDATA[roles_2_participant]]></wp:meta_key>
		<wp:meta_value><![CDATA[7260]]></wp:meta_value>
		</wp:postmeta>
							<wp:postmeta>
		<wp:meta_key><![CDATA[_roles_2_participant]]></wp:meta_key>
		<wp:meta_value><![CDATA[field_65e5174ce1051]]></wp:meta_value>
		</wp:postmeta>
							<wp:postmeta>
		<wp:meta_key><![CDATA[roles]]></wp:meta_key>
		<wp:meta_value><![CDATA[3]]></wp:meta_value>
		</wp:postmeta>
							<wp:postmeta>
		<wp:meta_key><![CDATA[_roles]]></wp:meta_key>
		<wp:meta_value><![CDATA[field_65e5172ce104f]]></wp:meta_value>
		</wp:postmeta>
							<wp:postmeta>
		<wp:meta_key><![CDATA[honorees_0_honor]]></wp:meta_key>
		<wp:meta_value><![CDATA[SIF National Education & Leadership Award]]></wp:meta_value>
		</wp:postmeta>
							<wp:postmeta>
		<wp:meta_key><![CDATA[_honorees_0_honor]]></wp:meta_key>
		<wp:meta_value><![CDATA[field_65e5178fe1057]]></wp:meta_value>
		</wp:postmeta>
							<wp:postmeta>
		<wp:meta_key><![CDATA[honorees_0_recipient]]></wp:meta_key>
		<wp:meta_value><![CDATA[7270]]></wp:meta_value>
		</wp:postmeta>
							<wp:postmeta>
		<wp:meta_key><![CDATA[_honorees_0_recipient]]></wp:meta_key>
		<wp:meta_value><![CDATA[field_65e5178fe1058]]></wp:meta_value>
		</wp:postmeta>
							<wp:postmeta>
		<wp:meta_key><![CDATA[honorees_1_honor]]></wp:meta_key>
		<wp:meta_value><![CDATA[SIF Excellence in Business Award]]></wp:meta_value>
		</wp:postmeta>
							<wp:postmeta>
		<wp:meta_key><![CDATA[_honorees_1_honor]]></wp:meta_key>
		<wp:meta_value><![CDATA[field_65e5178fe1057]]></wp:meta_value>
		</wp:postmeta>
							<wp:postmeta>
		<wp:meta_key><![CDATA[honorees_1_recipient]]></wp:meta_key>
		<wp:meta_value><![CDATA[7268]]></wp:meta_value>
		</wp:postmeta>
							<wp:postmeta>
		<wp:meta_key><![CDATA[_honorees_1_recipient]]></wp:meta_key>
		<wp:meta_value><![CDATA[field_65e5178fe1058]]></wp:meta_value>
		</wp:postmeta>
							<wp:postmeta>
		<wp:meta_key><![CDATA[honorees_2_honor]]></wp:meta_key>
		<wp:meta_value><![CDATA[SIF Humanitarian Award]]></wp:meta_value>
		</wp:postmeta>
							<wp:postmeta>
		<wp:meta_key><![CDATA[_honorees_2_honor]]></wp:meta_key>
		<wp:meta_value><![CDATA[field_65e5178fe1057]]></wp:meta_value>
		</wp:postmeta>
							<wp:postmeta>
		<wp:meta_key><![CDATA[honorees_2_recipient]]></wp:meta_key>
		<wp:meta_value><![CDATA[7262]]></wp:meta_value>
		</wp:postmeta>
							<wp:postmeta>
		<wp:meta_key><![CDATA[_honorees_2_recipient]]></wp:meta_key>
		<wp:meta_value><![CDATA[field_65e5178fe1058]]></wp:meta_value>
		</wp:postmeta>
							<wp:postmeta>
		<wp:meta_key><![CDATA[honorees_3_honor]]></wp:meta_key>
		<wp:meta_value><![CDATA[SIF Lifetime Achievement Award for Public Service]]></wp:meta_value>
		</wp:postmeta>
							<wp:postmeta>
		<wp:meta_key><![CDATA[_honorees_3_honor]]></wp:meta_key>
		<wp:meta_value><![CDATA[field_65e5178fe1057]]></wp:meta_value>
		</wp:postmeta>
							<wp:postmeta>
		<wp:meta_key><![CDATA[honorees_3_recipient]]></wp:meta_key>
		<wp:meta_value><![CDATA[7266]]></wp:meta_value>
		</wp:postmeta>
							<wp:postmeta>
		<wp:meta_key><![CDATA[_honorees_3_recipient]]></wp:meta_key>
		<wp:meta_value><![CDATA[field_65e5178fe1058]]></wp:meta_value>
		</wp:postmeta>
							<wp:postmeta>
		<wp:meta_key><![CDATA[honorees_4_honor]]></wp:meta_key>
		<wp:meta_value><![CDATA[SIF Lifetime Achievement Award in the Arts]]></wp:meta_value>
		</wp:postmeta>
							<wp:postmeta>
		<wp:meta_key><![CDATA[_honorees_4_honor]]></wp:meta_key>
		<wp:meta_value><![CDATA[field_65e5178fe1057]]></wp:meta_value>
		</wp:postmeta>
							<wp:postmeta>
		<wp:meta_key><![CDATA[honorees_4_recipient]]></wp:meta_key>
		<wp:meta_value><![CDATA[7265]]></wp:meta_value>
		</wp:postmeta>
							<wp:postmeta>
		<wp:meta_key><![CDATA[_honorees_4_recipient]]></wp:meta_key>
		<wp:meta_value><![CDATA[field_65e5178fe1058]]></wp:meta_value>
		</wp:postmeta>
							<wp:postmeta>
		<wp:meta_key><![CDATA[honorees]]></wp:meta_key>
		<wp:meta_value><![CDATA[5]]></wp:meta_value>
		</wp:postmeta>
							<wp:postmeta>
		<wp:meta_key><![CDATA[_honorees]]></wp:meta_key>
		<wp:meta_value><![CDATA[field_65e5178fe1052]]></wp:meta_value>
		</wp:postmeta>
							<wp:postmeta>
		<wp:meta_key><![CDATA[ticket_prices_0_type]]></wp:meta_key>
		<wp:meta_value><![CDATA[Tickets Only]]></wp:meta_value>
		</wp:postmeta>
							<wp:postmeta>
		<wp:meta_key><![CDATA[_ticket_prices_0_type]]></wp:meta_key>
		<wp:meta_value><![CDATA[field_65e51cf3bea51]]></wp:meta_value>
		</wp:postmeta>
							<wp:postmeta>
		<wp:meta_key><![CDATA[ticket_prices_0_price]]></wp:meta_key>
		<wp:meta_value><![CDATA[500]]></wp:meta_value>
		</wp:postmeta>
							<wp:postmeta>
		<wp:meta_key><![CDATA[_ticket_prices_0_price]]></wp:meta_key>
		<wp:meta_value><![CDATA[field_65e51d6abea52]]></wp:meta_value>
		</wp:postmeta>
							<wp:postmeta>
		<wp:meta_key><![CDATA[ticket_prices_0_tax_deduction]]></wp:meta_key>
		<wp:meta_value><![CDATA[350]]></wp:meta_value>
		</wp:postmeta>
							<wp:postmeta>
		<wp:meta_key><![CDATA[_ticket_prices_0_tax_deduction]]></wp:meta_key>
		<wp:meta_value><![CDATA[field_65e51d7abea53]]></wp:meta_value>
		</wp:postmeta>
							<wp:postmeta>
		<wp:meta_key><![CDATA[ticket_prices_0_description]]></wp:meta_key>
		<wp:meta_value><![CDATA[Price For One Ticket]]></wp:meta_value>
		</wp:postmeta>
							<wp:postmeta>
		<wp:meta_key><![CDATA[_ticket_prices_0_description]]></wp:meta_key>
		<wp:meta_value><![CDATA[field_65e51d92bea54]]></wp:meta_value>
		</wp:postmeta>
							<wp:postmeta>
		<wp:meta_key><![CDATA[ticket_prices_1_type]]></wp:meta_key>
		<wp:meta_value><![CDATA[Gold Member Discounted Ticket]]></wp:meta_value>
		</wp:postmeta>
							<wp:postmeta>
		<wp:meta_key><![CDATA[_ticket_prices_1_type]]></wp:meta_key>
		<wp:meta_value><![CDATA[field_65e51cf3bea51]]></wp:meta_value>
		</wp:postmeta>
							<wp:postmeta>
		<wp:meta_key><![CDATA[ticket_prices_1_price]]></wp:meta_key>
		<wp:meta_value><![CDATA[425]]></wp:meta_value>
		</wp:postmeta>
							<wp:postmeta>
		<wp:meta_key><![CDATA[_ticket_prices_1_price]]></wp:meta_key>
		<wp:meta_value><![CDATA[field_65e51d6abea52]]></wp:meta_value>
		</wp:postmeta>
							<wp:postmeta>
		<wp:meta_key><![CDATA[ticket_prices_1_tax_deduction]]></wp:meta_key>
		<wp:meta_value><![CDATA[350]]></wp:meta_value>
		</wp:postmeta>
							<wp:postmeta>
		<wp:meta_key><![CDATA[_ticket_prices_1_tax_deduction]]></wp:meta_key>
		<wp:meta_value><![CDATA[field_65e51d7abea53]]></wp:meta_value>
		</wp:postmeta>
							<wp:postmeta>
		<wp:meta_key><![CDATA[ticket_prices_1_description]]></wp:meta_key>
		<wp:meta_value><![CDATA[Price For One Ticket

Only eligible for individual tickets]]></wp:meta_value>
		</wp:postmeta>
							<wp:postmeta>
		<wp:meta_key><![CDATA[_ticket_prices_1_description]]></wp:meta_key>
		<wp:meta_value><![CDATA[field_65e51d92bea54]]></wp:meta_value>
		</wp:postmeta>
							<wp:postmeta>
		<wp:meta_key><![CDATA[ticket_prices]]></wp:meta_key>
		<wp:meta_value><![CDATA[2]]></wp:meta_value>
		</wp:postmeta>
							<wp:postmeta>
		<wp:meta_key><![CDATA[_ticket_prices]]></wp:meta_key>
		<wp:meta_value><![CDATA[field_65e51cc3bea50]]></wp:meta_value>
		</wp:postmeta>
							<wp:postmeta>
		<wp:meta_key><![CDATA[sponsorship_packages_0_package]]></wp:meta_key>
		<wp:meta_value><![CDATA[Platinum]]></wp:meta_value>
		</wp:postmeta>
							<wp:postmeta>
		<wp:meta_key><![CDATA[_sponsorship_packages_0_package]]></wp:meta_key>
		<wp:meta_value><![CDATA[field_65e51df4bea56]]></wp:meta_value>
		</wp:postmeta>
							<wp:postmeta>
		<wp:meta_key><![CDATA[sponsorship_packages_0_price]]></wp:meta_key>
		<wp:meta_value><![CDATA[20000]]></wp:meta_value>
		</wp:postmeta>
							<wp:postmeta>
		<wp:meta_key><![CDATA[_sponsorship_packages_0_price]]></wp:meta_key>
		<wp:meta_value><![CDATA[field_65e51e0dbea57]]></wp:meta_value>
		</wp:postmeta>
							<wp:postmeta>
		<wp:meta_key><![CDATA[sponsorship_packages_0_tax_deduction]]></wp:meta_key>
		<wp:meta_value><![CDATA[18800]]></wp:meta_value>
		</wp:postmeta>
							<wp:postmeta>
		<wp:meta_key><![CDATA[_sponsorship_packages_0_tax_deduction]]></wp:meta_key>
		<wp:meta_value><![CDATA[field_65e51e20bea58]]></wp:meta_value>
		</wp:postmeta>
							<wp:postmeta>
		<wp:meta_key><![CDATA[sponsorship_packages_0_amenities]]></wp:meta_key>
		<wp:meta_value><![CDATA[6]]></wp:meta_value>
		</wp:postmeta>
							<wp:postmeta>
		<wp:meta_key><![CDATA[_sponsorship_packages_0_amenities]]></wp:meta_key>
		<wp:meta_value><![CDATA[field_65e51e34bea59]]></wp:meta_value>
		</wp:postmeta>
							<wp:postmeta>
		<wp:meta_key><![CDATA[sponsorship_packages]]></wp:meta_key>
		<wp:meta_value><![CDATA[4]]></wp:meta_value>
		</wp:postmeta>
							<wp:postmeta>
		<wp:meta_key><![CDATA[_sponsorship_packages]]></wp:meta_key>
		<wp:meta_value><![CDATA[field_65e51ddebea55]]></wp:meta_value>
		</wp:postmeta>
							<wp:postmeta>
		<wp:meta_key><![CDATA[advertising_rates]]></wp:meta_key>
		<wp:meta_value><![CDATA[3]]></wp:meta_value>
		</wp:postmeta>
							<wp:postmeta>
		<wp:meta_key><![CDATA[_advertising_rates]]></wp:meta_key>
		<wp:meta_value><![CDATA[field_65e51e94bea5c]]></wp:meta_value>
		</wp:postmeta>
							<wp:postmeta>
		<wp:meta_key><![CDATA[lodging]]></wp:meta_key>
		<wp:meta_value><![CDATA[3]]></wp:meta_value>
		</wp:postmeta>
							<wp:postmeta>
		<wp:meta_key><![CDATA[_lodging]]></wp:meta_key>
		<wp:meta_value><![CDATA[field_65e51f284c6ca]]></wp:meta_value>
		</wp:postmeta>
							<wp:postmeta>
		<wp:meta_key><![CDATA[_yoast_wpseo_metadesc]]></wp:meta_key>
		<wp:meta_value><![CDATA[Sons of Italy Foundation presents the 35th Annual National Education & Leadership Awards Gala. Thursday, May 23, 2024, in Washington, D.C.]]></wp:meta_value>
		</wp:postmeta>
							<wp:postmeta>
		<wp:meta_key><![CDATA[_yoast_wpseo_estimated-reading-time-minutes]]></wp:meta_key>
		<wp:meta_value><![CDATA[4]]></wp:meta_value>
		</wp:postmeta>
							<wp:postmeta>
		<wp:meta_key><![CDATA[_yoast_wpseo_bctitle]]></wp:meta_key>
		<wp:meta_value><![CDATA[2024 NELA Gala]]></wp:meta_value>
		</wp:postmeta>
							<wp:postmeta>
		<wp:meta_key><![CDATA[_yoast_wpseo_canonical]]></wp:meta_key>
		<wp:meta_value><![CDATA[https://osdia.org/nelagala/2024]]></wp:meta_value>
		</wp:postmeta>
							<wp:postmeta>
		<wp:meta_key><![CDATA[_yoast_wpseo_wordproof_timestamp]]></wp:meta_key>
		<wp:meta_value><![CDATA[]]></wp:meta_value>
		</wp:postmeta>
							<wp:postmeta>
		<wp:meta_key><![CDATA[sponsorship_packages_0_amenities_0_amenity]]></wp:meta_key>
		<wp:meta_value><![CDATA[VIP table of 8, preferred seating]]></wp:meta_value>
		</wp:postmeta>
							<wp:postmeta>
		<wp:meta_key><![CDATA[_sponsorship_packages_0_amenities_0_amenity]]></wp:meta_key>
		<wp:meta_value><![CDATA[field_65e51e51bea5a]]></wp:meta_value>
		</wp:postmeta>
							<wp:postmeta>
		<wp:meta_key><![CDATA[sponsorship_packages_0_amenities_1_amenity]]></wp:meta_key>
		<wp:meta_value><![CDATA[Sponsorship announced during Gala event]]></wp:meta_value>
		</wp:postmeta>
							<wp:postmeta>
		<wp:meta_key><![CDATA[_sponsorship_packages_0_amenities_1_amenity]]></wp:meta_key>
		<wp:meta_value><![CDATA[field_65e51e51bea5a]]></wp:meta_value>
		</wp:postmeta>
							<wp:postmeta>
		<wp:meta_key><![CDATA[sponsorship_packages_0_amenities_2_amenity]]></wp:meta_key>
		<wp:meta_value><![CDATA[Logo on logo reel playing during Gala]]></wp:meta_value>
		</wp:postmeta>
							<wp:postmeta>
		<wp:meta_key><![CDATA[_sponsorship_packages_0_amenities_2_amenity]]></wp:meta_key>
		<wp:meta_value><![CDATA[field_65e51e51bea5a]]></wp:meta_value>
		</wp:postmeta>
							<wp:postmeta>
		<wp:meta_key><![CDATA[sponsorship_packages_0_amenities_3_amenity]]></wp:meta_key>
		<wp:meta_value><![CDATA[Cover page, full-color print ad (8.25” x 10.75”) in the commemorative gala journal]]></wp:meta_value>
		</wp:postmeta>
							<wp:postmeta>
		<wp:meta_key><![CDATA[_sponsorship_packages_0_amenities_3_amenity]]></wp:meta_key>
		<wp:meta_value><![CDATA[field_65e51e51bea5a]]></wp:meta_value>
		</wp:postmeta>
							<wp:postmeta>
		<wp:meta_key><![CDATA[sponsorship_packages_0_amenities_4_amenity]]></wp:meta_key>
		<wp:meta_value><![CDATA[Listing in the printed commemorative gala journal as Platinum Sponsor]]></wp:meta_value>
		</wp:postmeta>
							<wp:postmeta>
		<wp:meta_key><![CDATA[_sponsorship_packages_0_amenities_4_amenity]]></wp:meta_key>
		<wp:meta_value><![CDATA[field_65e51e51bea5a]]></wp:meta_value>
		</wp:postmeta>
							<wp:postmeta>
		<wp:meta_key><![CDATA[sponsorship_packages_0_amenities_5_amenity]]></wp:meta_key>
		<wp:meta_value><![CDATA[Listing on the Sons of Italy Foundation’s website]]></wp:meta_value>
		</wp:postmeta>
							<wp:postmeta>
		<wp:meta_key><![CDATA[_sponsorship_packages_0_amenities_5_amenity]]></wp:meta_key>
		<wp:meta_value><![CDATA[field_65e51e51bea5a]]></wp:meta_value>
		</wp:postmeta>
							<wp:postmeta>
		<wp:meta_key><![CDATA[sponsorship_packages_1_package]]></wp:meta_key>
		<wp:meta_value><![CDATA[Gold]]></wp:meta_value>
		</wp:postmeta>
							<wp:postmeta>
		<wp:meta_key><![CDATA[_sponsorship_packages_1_package]]></wp:meta_key>
		<wp:meta_value><![CDATA[field_65e51df4bea56]]></wp:meta_value>
		</wp:postmeta>
							<wp:postmeta>
		<wp:meta_key><![CDATA[sponsorship_packages_1_price]]></wp:meta_key>
		<wp:meta_value><![CDATA[10000]]></wp:meta_value>
		</wp:postmeta>
							<wp:postmeta>
		<wp:meta_key><![CDATA[_sponsorship_packages_1_price]]></wp:meta_key>
		<wp:meta_value><![CDATA[field_65e51e0dbea57]]></wp:meta_value>
		</wp:postmeta>
							<wp:postmeta>
		<wp:meta_key><![CDATA[sponsorship_packages_1_tax_deduction]]></wp:meta_key>
		<wp:meta_value><![CDATA[8800]]></wp:meta_value>
		</wp:postmeta>
							<wp:postmeta>
		<wp:meta_key><![CDATA[_sponsorship_packages_1_tax_deduction]]></wp:meta_key>
		<wp:meta_value><![CDATA[field_65e51e20bea58]]></wp:meta_value>
		</wp:postmeta>
							<wp:postmeta>
		<wp:meta_key><![CDATA[sponsorship_packages_1_amenities_0_amenity]]></wp:meta_key>
		<wp:meta_value><![CDATA[Preferred table of 8]]></wp:meta_value>
		</wp:postmeta>
							<wp:postmeta>
		<wp:meta_key><![CDATA[_sponsorship_packages_1_amenities_0_amenity]]></wp:meta_key>
		<wp:meta_value><![CDATA[field_65e51e51bea5a]]></wp:meta_value>
		</wp:postmeta>
							<wp:postmeta>
		<wp:meta_key><![CDATA[sponsorship_packages_1_amenities_1_amenity]]></wp:meta_key>
		<wp:meta_value><![CDATA[Sponsorship announced during Gala event]]></wp:meta_value>
		</wp:postmeta>
							<wp:postmeta>
		<wp:meta_key><![CDATA[_sponsorship_packages_1_amenities_1_amenity]]></wp:meta_key>
		<wp:meta_value><![CDATA[field_65e51e51bea5a]]></wp:meta_value>
		</wp:postmeta>
							<wp:postmeta>
		<wp:meta_key><![CDATA[sponsorship_packages_1_amenities_2_amenity]]></wp:meta_key>
		<wp:meta_value><![CDATA[Logo on logo reel playing during Gala]]></wp:meta_value>
		</wp:postmeta>
							<wp:postmeta>
		<wp:meta_key><![CDATA[_sponsorship_packages_1_amenities_2_amenity]]></wp:meta_key>
		<wp:meta_value><![CDATA[field_65e51e51bea5a]]></wp:meta_value>
		</wp:postmeta>
							<wp:postmeta>
		<wp:meta_key><![CDATA[sponsorship_packages_1_amenities_3_amenity]]></wp:meta_key>
		<wp:meta_value><![CDATA[Full-page, full-color print ad (8.25” x 10.75”) in the commemorative gala journal]]></wp:meta_value>
		</wp:postmeta>
							<wp:postmeta>
		<wp:meta_key><![CDATA[_sponsorship_packages_1_amenities_3_amenity]]></wp:meta_key>
		<wp:meta_value><![CDATA[field_65e51e51bea5a]]></wp:meta_value>
		</wp:postmeta>
							<wp:postmeta>
		<wp:meta_key><![CDATA[sponsorship_packages_1_amenities_4_amenity]]></wp:meta_key>
		<wp:meta_value><![CDATA[Listing in the printed commemorative gala journal as Gold Sponsor]]></wp:meta_value>
		</wp:postmeta>
							<wp:postmeta>
		<wp:meta_key><![CDATA[_sponsorship_packages_1_amenities_4_amenity]]></wp:meta_key>
		<wp:meta_value><![CDATA[field_65e51e51bea5a]]></wp:meta_value>
		</wp:postmeta>
							<wp:postmeta>
		<wp:meta_key><![CDATA[sponsorship_packages_1_amenities_5_amenity]]></wp:meta_key>
		<wp:meta_value><![CDATA[Listing on the Sons of Italy Foundation’s website]]></wp:meta_value>
		</wp:postmeta>
							<wp:postmeta>
		<wp:meta_key><![CDATA[_sponsorship_packages_1_amenities_5_amenity]]></wp:meta_key>
		<wp:meta_value><![CDATA[field_65e51e51bea5a]]></wp:meta_value>
		</wp:postmeta>
							<wp:postmeta>
		<wp:meta_key><![CDATA[sponsorship_packages_1_amenities]]></wp:meta_key>
		<wp:meta_value><![CDATA[6]]></wp:meta_value>
		</wp:postmeta>
							<wp:postmeta>
		<wp:meta_key><![CDATA[_sponsorship_packages_1_amenities]]></wp:meta_key>
		<wp:meta_value><![CDATA[field_65e51e34bea59]]></wp:meta_value>
		</wp:postmeta>
							<wp:postmeta>
		<wp:meta_key><![CDATA[sponsorship_packages_2_package]]></wp:meta_key>
		<wp:meta_value><![CDATA[Silver]]></wp:meta_value>
		</wp:postmeta>
							<wp:postmeta>
		<wp:meta_key><![CDATA[_sponsorship_packages_2_package]]></wp:meta_key>
		<wp:meta_value><![CDATA[field_65e51df4bea56]]></wp:meta_value>
		</wp:postmeta>
							<wp:postmeta>
		<wp:meta_key><![CDATA[sponsorship_packages_2_price]]></wp:meta_key>
		<wp:meta_value><![CDATA[5000]]></wp:meta_value>
		</wp:postmeta>
							<wp:postmeta>
		<wp:meta_key><![CDATA[_sponsorship_packages_2_price]]></wp:meta_key>
		<wp:meta_value><![CDATA[field_65e51e0dbea57]]></wp:meta_value>
		</wp:postmeta>
							<wp:postmeta>
		<wp:meta_key><![CDATA[sponsorship_packages_2_tax_deduction]]></wp:meta_key>
		<wp:meta_value><![CDATA[3800]]></wp:meta_value>
		</wp:postmeta>
							<wp:postmeta>
		<wp:meta_key><![CDATA[_sponsorship_packages_2_tax_deduction]]></wp:meta_key>
		<wp:meta_value><![CDATA[field_65e51e20bea58]]></wp:meta_value>
		</wp:postmeta>
							<wp:postmeta>
		<wp:meta_key><![CDATA[sponsorship_packages_2_amenities_0_amenity]]></wp:meta_key>
		<wp:meta_value><![CDATA[Table of 8]]></wp:meta_value>
		</wp:postmeta>
							<wp:postmeta>
		<wp:meta_key><![CDATA[_sponsorship_packages_2_amenities_0_amenity]]></wp:meta_key>
		<wp:meta_value><![CDATA[field_65e51e51bea5a]]></wp:meta_value>
		</wp:postmeta>
							<wp:postmeta>
		<wp:meta_key><![CDATA[sponsorship_packages_2_amenities_1_amenity]]></wp:meta_key>
		<wp:meta_value><![CDATA[Logo on logo reel playing during Gala]]></wp:meta_value>
		</wp:postmeta>
							<wp:postmeta>
		<wp:meta_key><![CDATA[_sponsorship_packages_2_amenities_1_amenity]]></wp:meta_key>
		<wp:meta_value><![CDATA[field_65e51e51bea5a]]></wp:meta_value>
		</wp:postmeta>
							<wp:postmeta>
		<wp:meta_key><![CDATA[sponsorship_packages_2_amenities_2_amenity]]></wp:meta_key>
		<wp:meta_value><![CDATA[Half-page, full-color print ad (7.5” x 4.75”) in the commemorative gala journal]]></wp:meta_value>
		</wp:postmeta>
							<wp:postmeta>
		<wp:meta_key><![CDATA[_sponsorship_packages_2_amenities_2_amenity]]></wp:meta_key>
		<wp:meta_value><![CDATA[field_65e51e51bea5a]]></wp:meta_value>
		</wp:postmeta>
							<wp:postmeta>
		<wp:meta_key><![CDATA[sponsorship_packages_2_amenities_3_amenity]]></wp:meta_key>
		<wp:meta_value><![CDATA[Listing in the printed commemorative gala journal as Silver Sponsor]]></wp:meta_value>
		</wp:postmeta>
							<wp:postmeta>
		<wp:meta_key><![CDATA[_sponsorship_packages_2_amenities_3_amenity]]></wp:meta_key>
		<wp:meta_value><![CDATA[field_65e51e51bea5a]]></wp:meta_value>
		</wp:postmeta>
							<wp:postmeta>
		<wp:meta_key><![CDATA[sponsorship_packages_2_amenities_4_amenity]]></wp:meta_key>
		<wp:meta_value><![CDATA[Listing on the Sons of Italy Foundation’s website]]></wp:meta_value>
		</wp:postmeta>
							<wp:postmeta>
		<wp:meta_key><![CDATA[_sponsorship_packages_2_amenities_4_amenity]]></wp:meta_key>
		<wp:meta_value><![CDATA[field_65e51e51bea5a]]></wp:meta_value>
		</wp:postmeta>
							<wp:postmeta>
		<wp:meta_key><![CDATA[sponsorship_packages_2_amenities]]></wp:meta_key>
		<wp:meta_value><![CDATA[5]]></wp:meta_value>
		</wp:postmeta>
							<wp:postmeta>
		<wp:meta_key><![CDATA[_sponsorship_packages_2_amenities]]></wp:meta_key>
		<wp:meta_value><![CDATA[field_65e51e34bea59]]></wp:meta_value>
		</wp:postmeta>
							<wp:postmeta>
		<wp:meta_key><![CDATA[sponsorship_packages_3_package]]></wp:meta_key>
		<wp:meta_value><![CDATA[Bronze]]></wp:meta_value>
		</wp:postmeta>
							<wp:postmeta>
		<wp:meta_key><![CDATA[_sponsorship_packages_3_package]]></wp:meta_key>
		<wp:meta_value><![CDATA[field_65e51df4bea56]]></wp:meta_value>
		</wp:postmeta>
							<wp:postmeta>
		<wp:meta_key><![CDATA[sponsorship_packages_3_price]]></wp:meta_key>
		<wp:meta_value><![CDATA[1500]]></wp:meta_value>
		</wp:postmeta>
							<wp:postmeta>
		<wp:meta_key><![CDATA[_sponsorship_packages_3_price]]></wp:meta_key>
		<wp:meta_value><![CDATA[field_65e51e0dbea57]]></wp:meta_value>
		</wp:postmeta>
							<wp:postmeta>
		<wp:meta_key><![CDATA[sponsorship_packages_3_tax_deduction]]></wp:meta_key>
		<wp:meta_value><![CDATA[1200]]></wp:meta_value>
		</wp:postmeta>
							<wp:postmeta>
		<wp:meta_key><![CDATA[_sponsorship_packages_3_tax_deduction]]></wp:meta_key>
		<wp:meta_value><![CDATA[field_65e51e20bea58]]></wp:meta_value>
		</wp:postmeta>
							<wp:postmeta>
		<wp:meta_key><![CDATA[sponsorship_packages_3_amenities_0_amenity]]></wp:meta_key>
		<wp:meta_value><![CDATA[2 tickets]]></wp:meta_value>
		</wp:postmeta>
							<wp:postmeta>
		<wp:meta_key><![CDATA[_sponsorship_packages_3_amenities_0_amenity]]></wp:meta_key>
		<wp:meta_value><![CDATA[field_65e51e51bea5a]]></wp:meta_value>
		</wp:postmeta>
							<wp:postmeta>
		<wp:meta_key><![CDATA[sponsorship_packages_3_amenities_1_amenity]]></wp:meta_key>
		<wp:meta_value><![CDATA[Logo on logo reel playing during Gala]]></wp:meta_value>
		</wp:postmeta>
							<wp:postmeta>
		<wp:meta_key><![CDATA[_sponsorship_packages_3_amenities_1_amenity]]></wp:meta_key>
		<wp:meta_value><![CDATA[field_65e51e51bea5a]]></wp:meta_value>
		</wp:postmeta>
							<wp:postmeta>
		<wp:meta_key><![CDATA[sponsorship_packages_3_amenities_2_amenity]]></wp:meta_key>
		<wp:meta_value><![CDATA[One-Quarter page, full-color print ad (3.75” x 5”) in the commemorative gala journal]]></wp:meta_value>
		</wp:postmeta>
							<wp:postmeta>
		<wp:meta_key><![CDATA[_sponsorship_packages_3_amenities_2_amenity]]></wp:meta_key>
		<wp:meta_value><![CDATA[field_65e51e51bea5a]]></wp:meta_value>
		</wp:postmeta>
							<wp:postmeta>
		<wp:meta_key><![CDATA[sponsorship_packages_3_amenities_3_amenity]]></wp:meta_key>
		<wp:meta_value><![CDATA[Listing in the printed commemorative gala journal as Bronze Sponsor]]></wp:meta_value>
		</wp:postmeta>
							<wp:postmeta>
		<wp:meta_key><![CDATA[_sponsorship_packages_3_amenities_3_amenity]]></wp:meta_key>
		<wp:meta_value><![CDATA[field_65e51e51bea5a]]></wp:meta_value>
		</wp:postmeta>
							<wp:postmeta>
		<wp:meta_key><![CDATA[sponsorship_packages_3_amenities_4_amenity]]></wp:meta_key>
		<wp:meta_value><![CDATA[Listing on the Sons of Italy Foundation’s website]]></wp:meta_value>
		</wp:postmeta>
							<wp:postmeta>
		<wp:meta_key><![CDATA[_sponsorship_packages_3_amenities_4_amenity]]></wp:meta_key>
		<wp:meta_value><![CDATA[field_65e51e51bea5a]]></wp:meta_value>
		</wp:postmeta>
							<wp:postmeta>
		<wp:meta_key><![CDATA[sponsorship_packages_3_amenities]]></wp:meta_key>
		<wp:meta_value><![CDATA[5]]></wp:meta_value>
		</wp:postmeta>
							<wp:postmeta>
		<wp:meta_key><![CDATA[_sponsorship_packages_3_amenities]]></wp:meta_key>
		<wp:meta_value><![CDATA[field_65e51e34bea59]]></wp:meta_value>
		</wp:postmeta>
							<wp:postmeta>
		<wp:meta_key><![CDATA[advertising_rates_0_ad]]></wp:meta_key>
		<wp:meta_value><![CDATA[Full Page]]></wp:meta_value>
		</wp:postmeta>
							<wp:postmeta>
		<wp:meta_key><![CDATA[_advertising_rates_0_ad]]></wp:meta_key>
		<wp:meta_value><![CDATA[field_65e51e94bea5d]]></wp:meta_value>
		</wp:postmeta>
							<wp:postmeta>
		<wp:meta_key><![CDATA[advertising_rates_0_price]]></wp:meta_key>
		<wp:meta_value><![CDATA[1000]]></wp:meta_value>
		</wp:postmeta>
							<wp:postmeta>
		<wp:meta_key><![CDATA[_advertising_rates_0_price]]></wp:meta_key>
		<wp:meta_value><![CDATA[field_65e51e94bea5e]]></wp:meta_value>
		</wp:postmeta>
							<wp:postmeta>
		<wp:meta_key><![CDATA[advertising_rates_0_description]]></wp:meta_key>
		<wp:meta_value><![CDATA[Full-Page, Full-Color Print Ad (8.25” x 10.75”) In Commemorative Gala Journal]]></wp:meta_value>
		</wp:postmeta>
							<wp:postmeta>
		<wp:meta_key><![CDATA[_advertising_rates_0_description]]></wp:meta_key>
		<wp:meta_value><![CDATA[field_65e51e94bea60]]></wp:meta_value>
		</wp:postmeta>
							<wp:postmeta>
		<wp:meta_key><![CDATA[advertising_rates_1_ad]]></wp:meta_key>
		<wp:meta_value><![CDATA[Half-Page]]></wp:meta_value>
		</wp:postmeta>
							<wp:postmeta>
		<wp:meta_key><![CDATA[_advertising_rates_1_ad]]></wp:meta_key>
		<wp:meta_value><![CDATA[field_65e51e94bea5d]]></wp:meta_value>
		</wp:postmeta>
							<wp:postmeta>
		<wp:meta_key><![CDATA[advertising_rates_1_price]]></wp:meta_key>
		<wp:meta_value><![CDATA[500]]></wp:meta_value>
		</wp:postmeta>
							<wp:postmeta>
		<wp:meta_key><![CDATA[_advertising_rates_1_price]]></wp:meta_key>
		<wp:meta_value><![CDATA[field_65e51e94bea5e]]></wp:meta_value>
		</wp:postmeta>
							<wp:postmeta>
		<wp:meta_key><![CDATA[advertising_rates_1_description]]></wp:meta_key>
		<wp:meta_value><![CDATA[Half-Page, Full-Color Print Ad (7.5” x 4.75”) In Commemorative Gala Journal]]></wp:meta_value>
		</wp:postmeta>
							<wp:postmeta>
		<wp:meta_key><![CDATA[_advertising_rates_1_description]]></wp:meta_key>
		<wp:meta_value><![CDATA[field_65e51e94bea60]]></wp:meta_value>
		</wp:postmeta>
							<wp:postmeta>
		<wp:meta_key><![CDATA[advertising_rates_2_ad]]></wp:meta_key>
		<wp:meta_value><![CDATA[One-Quarter Page]]></wp:meta_value>
		</wp:postmeta>
							<wp:postmeta>
		<wp:meta_key><![CDATA[_advertising_rates_2_ad]]></wp:meta_key>
		<wp:meta_value><![CDATA[field_65e51e94bea5d]]></wp:meta_value>
		</wp:postmeta>
							<wp:postmeta>
		<wp:meta_key><![CDATA[advertising_rates_2_price]]></wp:meta_key>
		<wp:meta_value><![CDATA[250]]></wp:meta_value>
		</wp:postmeta>
							<wp:postmeta>
		<wp:meta_key><![CDATA[_advertising_rates_2_price]]></wp:meta_key>
		<wp:meta_value><![CDATA[field_65e51e94bea5e]]></wp:meta_value>
		</wp:postmeta>
							<wp:postmeta>
		<wp:meta_key><![CDATA[advertising_rates_2_description]]></wp:meta_key>
		<wp:meta_value><![CDATA[One Quarter-Page, Full-Color Print Ad (3.75” x 5”) In Commemorative Gala Journal]]></wp:meta_value>
		</wp:postmeta>
							<wp:postmeta>
		<wp:meta_key><![CDATA[_advertising_rates_2_description]]></wp:meta_key>
		<wp:meta_value><![CDATA[field_65e51e94bea60]]></wp:meta_value>
		</wp:postmeta>
							<wp:postmeta>
		<wp:meta_key><![CDATA[lodging_0_property]]></wp:meta_key>
		<wp:meta_value><![CDATA[Grand Hyatt Washington]]></wp:meta_value>
		</wp:postmeta>
							<wp:postmeta>
		<wp:meta_key><![CDATA[_lodging_0_property]]></wp:meta_key>
		<wp:meta_value><![CDATA[field_65e51f5f4c6cb]]></wp:meta_value>
		</wp:postmeta>
							<wp:postmeta>
		<wp:meta_key><![CDATA[lodging_0_location]]></wp:meta_key>
		<wp:meta_value><![CDATA[a:15:{s:7:"address";s:63:"Grand Hyatt Washington, H Street Northwest, Washington, DC, USA";s:3:"lat";d:38.899397299999997;s:3:"lng";d:-77.026543699999991;s:4:"zoom";i:14;s:8:"place_id";s:27:"ChIJSzcUXpG3t4kRRhX12-yB8O4";s:4:"name";s:22:"Grand Hyatt Washington";s:13:"street_number";s:4:"1000";s:11:"street_name";s:18:"H Street Northwest";s:17:"street_name_short";s:7:"H St NW";s:4:"city";s:10:"Washington";s:5:"state";s:20:"District of Columbia";s:11:"state_short";s:2:"DC";s:9:"post_code";s:5:"20001";s:7:"country";s:13:"United States";s:13:"country_short";s:2:"US";}]]></wp:meta_value>
		</wp:postmeta>
							<wp:postmeta>
		<wp:meta_key><![CDATA[_lodging_0_location]]></wp:meta_key>
		<wp:meta_value><![CDATA[field_65e51f704c6cc]]></wp:meta_value>
		</wp:postmeta>
							<wp:postmeta>
		<wp:meta_key><![CDATA[lodging_0_telephone]]></wp:meta_key>
		<wp:meta_value><![CDATA[202-582-1234]]></wp:meta_value>
		</wp:postmeta>
							<wp:postmeta>
		<wp:meta_key><![CDATA[_lodging_0_telephone]]></wp:meta_key>
		<wp:meta_value><![CDATA[field_65e51f894c6cd]]></wp:meta_value>
		</wp:postmeta>
							<wp:postmeta>
		<wp:meta_key><![CDATA[lodging_0_website]]></wp:meta_key>
		<wp:meta_value><![CDATA[https://www.hyatt.com/en-US/hotel/washington-dc/grand-hyatt-washington/wasgh]]></wp:meta_value>
		</wp:postmeta>
							<wp:postmeta>
		<wp:meta_key><![CDATA[_lodging_0_website]]></wp:meta_key>
		<wp:meta_value><![CDATA[field_65e51ffd4c6ce]]></wp:meta_value>
		</wp:postmeta>
							<wp:postmeta>
		<wp:meta_key><![CDATA[lodging_1_property]]></wp:meta_key>
		<wp:meta_value><![CDATA[Hilton Garden Inn Washington DC Downtown]]></wp:meta_value>
		</wp:postmeta>
							<wp:postmeta>
		<wp:meta_key><![CDATA[_lodging_1_property]]></wp:meta_key>
		<wp:meta_value><![CDATA[field_65e51f5f4c6cb]]></wp:meta_value>
		</wp:postmeta>
							<wp:postmeta>
		<wp:meta_key><![CDATA[lodging_1_location]]></wp:meta_key>
		<wp:meta_value><![CDATA[a:15:{s:7:"address";s:93:"Hilton Garden Inn Wash DC Downtown, 14th Street Northwest, Downtown, Washington D.C., DC, USA";s:3:"lat";d:38.9006021;s:3:"lng";d:-77.031454999999994;s:4:"zoom";i:14;s:8:"place_id";s:27:"ChIJHfFO35W3t4kRYZ0Cq_y-C-Q";s:4:"name";s:34:"Hilton Garden Inn Wash DC Downtown";s:13:"street_number";s:3:"815";s:11:"street_name";s:21:"14th Street Northwest";s:17:"street_name_short";s:10:"14th St NW";s:4:"city";s:10:"Washington";s:5:"state";s:20:"District of Columbia";s:11:"state_short";s:2:"DC";s:9:"post_code";s:5:"20005";s:7:"country";s:13:"United States";s:13:"country_short";s:2:"US";}]]></wp:meta_value>
		</wp:postmeta>
							<wp:postmeta>
		<wp:meta_key><![CDATA[_lodging_1_location]]></wp:meta_key>
		<wp:meta_value><![CDATA[field_65e51f704c6cc]]></wp:meta_value>
		</wp:postmeta>
							<wp:postmeta>
		<wp:meta_key><![CDATA[lodging_1_telephone]]></wp:meta_key>
		<wp:meta_value><![CDATA[202-783-7800]]></wp:meta_value>
		</wp:postmeta>
							<wp:postmeta>
		<wp:meta_key><![CDATA[_lodging_1_telephone]]></wp:meta_key>
		<wp:meta_value><![CDATA[field_65e51f894c6cd]]></wp:meta_value>
		</wp:postmeta>
							<wp:postmeta>
		<wp:meta_key><![CDATA[lodging_1_website]]></wp:meta_key>
		<wp:meta_value><![CDATA[https://www.hilton.com/en/hotels/dcachgi-hilton-garden-inn-washington-dc-downtown/]]></wp:meta_value>
		</wp:postmeta>
							<wp:postmeta>
		<wp:meta_key><![CDATA[_lodging_1_website]]></wp:meta_key>
		<wp:meta_value><![CDATA[field_65e51ffd4c6ce]]></wp:meta_value>
		</wp:postmeta>
							<wp:postmeta>
		<wp:meta_key><![CDATA[lodging_2_property]]></wp:meta_key>
		<wp:meta_value><![CDATA[Washington Marriott at Metro Center]]></wp:meta_value>
		</wp:postmeta>
							<wp:postmeta>
		<wp:meta_key><![CDATA[_lodging_2_property]]></wp:meta_key>
		<wp:meta_value><![CDATA[field_65e51f5f4c6cb]]></wp:meta_value>
		</wp:postmeta>
							<wp:postmeta>
		<wp:meta_key><![CDATA[lodging_2_location]]></wp:meta_key>
		<wp:meta_value><![CDATA[a:15:{s:7:"address";s:68:"Marriott at Metro Center, 12th Street Northwest, Washington, DC, USA";s:3:"lat";d:38.899314099999991;s:3:"lng";d:-77.028035199999991;s:4:"zoom";i:14;s:8:"place_id";s:27:"ChIJ6WdbsZa3t4kRAurfLss891o";s:4:"name";s:35:"Washington Marriott at Metro Center";s:13:"street_number";s:3:"775";s:11:"street_name";s:21:"12th Street Northwest";s:17:"street_name_short";s:10:"12th St NW";s:4:"city";s:10:"Washington";s:5:"state";s:20:"District of Columbia";s:11:"state_short";s:2:"DC";s:9:"post_code";s:5:"20005";s:7:"country";s:13:"United States";s:13:"country_short";s:2:"US";}]]></wp:meta_value>
		</wp:postmeta>
							<wp:postmeta>
		<wp:meta_key><![CDATA[_lodging_2_location]]></wp:meta_key>
		<wp:meta_value><![CDATA[field_65e51f704c6cc]]></wp:meta_value>
		</wp:postmeta>
							<wp:postmeta>
		<wp:meta_key><![CDATA[lodging_2_telephone]]></wp:meta_key>
		<wp:meta_value><![CDATA[202-737-2200]]></wp:meta_value>
		</wp:postmeta>
							<wp:postmeta>
		<wp:meta_key><![CDATA[_lodging_2_telephone]]></wp:meta_key>
		<wp:meta_value><![CDATA[field_65e51f894c6cd]]></wp:meta_value>
		</wp:postmeta>
							<wp:postmeta>
		<wp:meta_key><![CDATA[lodging_2_website]]></wp:meta_key>
		<wp:meta_value><![CDATA[https://www.marriott.com/en-us/hotels/wasmc-washington-marriott-at-metro-center/overview/]]></wp:meta_value>
		</wp:postmeta>
							<wp:postmeta>
		<wp:meta_key><![CDATA[_lodging_2_website]]></wp:meta_key>
		<wp:meta_value><![CDATA[field_65e51ffd4c6ce]]></wp:meta_value>
		</wp:postmeta>
							<wp:postmeta>
		<wp:meta_key><![CDATA[ticket_section_headline]]></wp:meta_key>
		<wp:meta_value><![CDATA[Tickets]]></wp:meta_value>
		</wp:postmeta>
							<wp:postmeta>
		<wp:meta_key><![CDATA[_ticket_section_headline]]></wp:meta_key>
		<wp:meta_value><![CDATA[field_65f1f9c7e8295]]></wp:meta_value>
		</wp:postmeta>
							<wp:postmeta>
		<wp:meta_key><![CDATA[ticket_section_top_content]]></wp:meta_key>
		<wp:meta_value><![CDATA[Tickets can be easily purchased online and will be available electronically, or can be made available for pickup at the will-call desk on the day of the event. Should you have any questions regarding ticket options, special accommodations, or the purchasing process, please don't hesitate to contact us at <a target="_new">tickets@nelagala.org</a> or (555) 123-4567. Our team is dedicated to ensuring your experience is seamless and enjoyable, from selection to celebration.]]></wp:meta_value>
		</wp:postmeta>
							<wp:postmeta>
		<wp:meta_key><![CDATA[_ticket_section_top_content]]></wp:meta_key>
		<wp:meta_value><![CDATA[field_65f1fa22e8296]]></wp:meta_value>
		</wp:postmeta>
							<wp:postmeta>
		<wp:meta_key><![CDATA[lodging_section_headline]]></wp:meta_key>
		<wp:meta_value><![CDATA[Area Accommodations]]></wp:meta_value>
		</wp:postmeta>
							<wp:postmeta>
		<wp:meta_key><![CDATA[_lodging_section_headline]]></wp:meta_key>
		<wp:meta_value><![CDATA[field_65f1fa85e8297]]></wp:meta_value>
		</wp:postmeta>
							<wp:postmeta>
		<wp:meta_key><![CDATA[lodging_section_top_content]]></wp:meta_key>
		<wp:meta_value><![CDATA[Explore our carefully curated selection of nearby hotels in Washington DC, each within easy walking distance of the venue. These independently operated accommodations offer convenience and comfort. For reservations and more information, directly visit their websites through the links provided.]]></wp:meta_value>
		</wp:postmeta>
							<wp:postmeta>
		<wp:meta_key><![CDATA[_lodging_section_top_content]]></wp:meta_key>
		<wp:meta_value><![CDATA[field_65f1fab3e8298]]></wp:meta_value>
		</wp:postmeta>
							<wp:postmeta>
		<wp:meta_key><![CDATA[sponsorship_section_headline]]></wp:meta_key>
		<wp:meta_value><![CDATA[Sponsorship Opportunites]]></wp:meta_value>
		</wp:postmeta>
							<wp:postmeta>
		<wp:meta_key><![CDATA[_sponsorship_section_headline]]></wp:meta_key>
		<wp:meta_value><![CDATA[field_65f1fadee8299]]></wp:meta_value>
		</wp:postmeta>
							<wp:postmeta>
		<wp:meta_key><![CDATA[sponsorship_section_top_content]]></wp:meta_key>
		<wp:meta_value><![CDATA[By sponsoring the NELA Gala, you're not just enhancing your brand's visibility; you're actively supporting the Sons of Italy Foundation and their vital mission. Our sponsorship packages are designed to align with your marketing objectives while contributing to a noble cause. Upon selection, our team will work with you to maximize promotional opportunities and tailor your involvement. Sponsorship benefits include tickets, ready for you at will-call, and a personal follow-up to discuss promotional assets. For more details or to select a package that reflects your commitment, contact us at sponsorships@nelagala.org or (555) 987-6543.]]></wp:meta_value>
		</wp:postmeta>
							<wp:postmeta>
		<wp:meta_key><![CDATA[_sponsorship_section_top_content]]></wp:meta_key>
		<wp:meta_value><![CDATA[field_65f1fb19e829a]]></wp:meta_value>
		</wp:postmeta>
							<wp:postmeta>
		<wp:meta_key><![CDATA[advertising_section_headline]]></wp:meta_key>
		<wp:meta_value><![CDATA[Advertise in the Commemorative Journal]]></wp:meta_value>
		</wp:postmeta>
							<wp:postmeta>
		<wp:meta_key><![CDATA[_advertising_section_headline]]></wp:meta_key>
		<wp:meta_value><![CDATA[field_65f1fb31e829b]]></wp:meta_value>
		</wp:postmeta>
							<wp:postmeta>
		<wp:meta_key><![CDATA[advertising_section_top_content]]></wp:meta_key>
		<wp:meta_value><![CDATA[Enhance your brand's presence in our full-color, high-quality printed commemorative gala journal, a premium keepsake distributed to all esteemed attendees. Available advertising options include full page, half page, and quarter page placements, allowing you to select the perfect scale for your message and budget. This is an exclusive opportunity to make a lasting impression with a discerning audience. For detailed rates and to book your spot, contact us directly at ads@nelagala.org or (555) 123-4567.]]></wp:meta_value>
		</wp:postmeta>
							<wp:postmeta>
		<wp:meta_key><![CDATA[_advertising_section_top_content]]></wp:meta_key>
		<wp:meta_value><![CDATA[field_65f1fb44e829c]]></wp:meta_value>
		</wp:postmeta>
							<wp:postmeta>
		<wp:meta_key><![CDATA[google_api_key]]></wp:meta_key>
		<wp:meta_value><![CDATA[AIzaSyBGZLfom_9gzVfPI39FCQ1MHWGxNjxUqDg]]></wp:meta_value>
		</wp:postmeta>
							<wp:postmeta>
		<wp:meta_key><![CDATA[_google_api_key]]></wp:meta_key>
		<wp:meta_value><![CDATA[field_65f220d257278]]></wp:meta_value>
		</wp:postmeta>
							<wp:postmeta>
		<wp:meta_key><![CDATA[header_venue_message]]></wp:meta_key>
		<wp:meta_value><![CDATA[Celebrate the Region of Sicily with us]]></wp:meta_value>
		</wp:postmeta>
							<wp:postmeta>
		<wp:meta_key><![CDATA[_header_venue_message]]></wp:meta_key>
		<wp:meta_value><![CDATA[field_65f1ff31fc571]]></wp:meta_value>
		</wp:postmeta>
							<wp:postmeta>
		<wp:meta_key><![CDATA[event_calendar_file]]></wp:meta_key>
		<wp:meta_value><![CDATA[]]></wp:meta_value>
		</wp:postmeta>
							<wp:postmeta>
		<wp:meta_key><![CDATA[_event_calendar_file]]></wp:meta_key>
		<wp:meta_value><![CDATA[field_65f1ff05fc570]]></wp:meta_value>
		</wp:postmeta>
							<wp:postmeta>
		<wp:meta_key><![CDATA[google_geocoding_api_key]]></wp:meta_key>
		<wp:meta_value><![CDATA[AIzaSyDv8ipaW_nF5pnGEpoiGpTHMUhG9PaEg-s]]></wp:meta_value>
		</wp:postmeta>
							<wp:postmeta>
		<wp:meta_key><![CDATA[_google_geocoding_api_key]]></wp:meta_key>
		<wp:meta_value><![CDATA[field_65f224248d2a5]]></wp:meta_value>
		</wp:postmeta>
							<wp:postmeta>
		<wp:meta_key><![CDATA[ticket_prices_0_cta_button_label]]></wp:meta_key>
		<wp:meta_value><![CDATA[]]></wp:meta_value>
		</wp:postmeta>
							<wp:postmeta>
		<wp:meta_key><![CDATA[_ticket_prices_0_cta_button_label]]></wp:meta_key>
		<wp:meta_value><![CDATA[field_65f227e5ded88]]></wp:meta_value>
		</wp:postmeta>
							<wp:postmeta>
		<wp:meta_key><![CDATA[ticket_prices_0_cta_button_link]]></wp:meta_key>
		<wp:meta_value><![CDATA[]]></wp:meta_value>
		</wp:postmeta>
							<wp:postmeta>
		<wp:meta_key><![CDATA[_ticket_prices_0_cta_button_link]]></wp:meta_key>
		<wp:meta_value><![CDATA[field_65f2262d729ea]]></wp:meta_value>
		</wp:postmeta>
							<wp:postmeta>
		<wp:meta_key><![CDATA[ticket_prices_1_cta_button_label]]></wp:meta_key>
		<wp:meta_value><![CDATA[]]></wp:meta_value>
		</wp:postmeta>
							<wp:postmeta>
		<wp:meta_key><![CDATA[_ticket_prices_1_cta_button_label]]></wp:meta_key>
		<wp:meta_value><![CDATA[field_65f227e5ded88]]></wp:meta_value>
		</wp:postmeta>
							<wp:postmeta>
		<wp:meta_key><![CDATA[ticket_prices_1_cta_button_link]]></wp:meta_key>
		<wp:meta_value><![CDATA[]]></wp:meta_value>
		</wp:postmeta>
							<wp:postmeta>
		<wp:meta_key><![CDATA[_ticket_prices_1_cta_button_link]]></wp:meta_key>
		<wp:meta_value><![CDATA[field_65f2262d729ea]]></wp:meta_value>
		</wp:postmeta>
							<wp:postmeta>
		<wp:meta_key><![CDATA[sponsorship_packages_0_cta_button_label]]></wp:meta_key>
		<wp:meta_value><![CDATA[Sponsor Now]]></wp:meta_value>
		</wp:postmeta>
							<wp:postmeta>
		<wp:meta_key><![CDATA[_sponsorship_packages_0_cta_button_label]]></wp:meta_key>
		<wp:meta_value><![CDATA[field_65f226feded86]]></wp:meta_value>
		</wp:postmeta>
							<wp:postmeta>
		<wp:meta_key><![CDATA[sponsorship_packages_0_Call-to-Action-URL]]></wp:meta_key>
		<wp:meta_value><![CDATA[]]></wp:meta_value>
		</wp:postmeta>
							<wp:postmeta>
		<wp:meta_key><![CDATA[_sponsorship_packages_0_Call-to-Action-URL]]></wp:meta_key>
		<wp:meta_value><![CDATA[field_65f22679ded84]]></wp:meta_value>
		</wp:postmeta>
							<wp:postmeta>
		<wp:meta_key><![CDATA[sponsorship_packages_1_cta_button_label]]></wp:meta_key>
		<wp:meta_value><![CDATA[Sponsor Now]]></wp:meta_value>
		</wp:postmeta>
							<wp:postmeta>
		<wp:meta_key><![CDATA[_sponsorship_packages_1_cta_button_label]]></wp:meta_key>
		<wp:meta_value><![CDATA[field_65f226feded86]]></wp:meta_value>
		</wp:postmeta>
							<wp:postmeta>
		<wp:meta_key><![CDATA[sponsorship_packages_1_Call-to-Action-URL]]></wp:meta_key>
		<wp:meta_value><![CDATA[]]></wp:meta_value>
		</wp:postmeta>
							<wp:postmeta>
		<wp:meta_key><![CDATA[_sponsorship_packages_1_Call-to-Action-URL]]></wp:meta_key>
		<wp:meta_value><![CDATA[field_65f22679ded84]]></wp:meta_value>
		</wp:postmeta>
							<wp:postmeta>
		<wp:meta_key><![CDATA[sponsorship_packages_2_cta_button_label]]></wp:meta_key>
		<wp:meta_value><![CDATA[Sponsor Now]]></wp:meta_value>
		</wp:postmeta>
							<wp:postmeta>
		<wp:meta_key><![CDATA[_sponsorship_packages_2_cta_button_label]]></wp:meta_key>
		<wp:meta_value><![CDATA[field_65f226feded86]]></wp:meta_value>
		</wp:postmeta>
							<wp:postmeta>
		<wp:meta_key><![CDATA[sponsorship_packages_2_Call-to-Action-URL]]></wp:meta_key>
		<wp:meta_value><![CDATA[]]></wp:meta_value>
		</wp:postmeta>
							<wp:postmeta>
		<wp:meta_key><![CDATA[_sponsorship_packages_2_Call-to-Action-URL]]></wp:meta_key>
		<wp:meta_value><![CDATA[field_65f22679ded84]]></wp:meta_value>
		</wp:postmeta>
							<wp:postmeta>
		<wp:meta_key><![CDATA[sponsorship_packages_3_cta_button_label]]></wp:meta_key>
		<wp:meta_value><![CDATA[Sponsor Now]]></wp:meta_value>
		</wp:postmeta>
							<wp:postmeta>
		<wp:meta_key><![CDATA[_sponsorship_packages_3_cta_button_label]]></wp:meta_key>
		<wp:meta_value><![CDATA[field_65f226feded86]]></wp:meta_value>
		</wp:postmeta>
							<wp:postmeta>
		<wp:meta_key><![CDATA[sponsorship_packages_3_Call-to-Action-URL]]></wp:meta_key>
		<wp:meta_value><![CDATA[]]></wp:meta_value>
		</wp:postmeta>
							<wp:postmeta>
		<wp:meta_key><![CDATA[_sponsorship_packages_3_Call-to-Action-URL]]></wp:meta_key>
		<wp:meta_value><![CDATA[field_65f22679ded84]]></wp:meta_value>
		</wp:postmeta>
							<wp:postmeta>
		<wp:meta_key><![CDATA[advertising_rates_0_cta_button_label]]></wp:meta_key>
		<wp:meta_value><![CDATA[Details]]></wp:meta_value>
		</wp:postmeta>
							<wp:postmeta>
		<wp:meta_key><![CDATA[_advertising_rates_0_cta_button_label]]></wp:meta_key>
		<wp:meta_value><![CDATA[field_65f22742ded87]]></wp:meta_value>
		</wp:postmeta>
							<wp:postmeta>
		<wp:meta_key><![CDATA[advertising_rates_0_cta_link]]></wp:meta_key>
		<wp:meta_value><![CDATA[]]></wp:meta_value>
		</wp:postmeta>
							<wp:postmeta>
		<wp:meta_key><![CDATA[_advertising_rates_0_cta_link]]></wp:meta_key>
		<wp:meta_value><![CDATA[field_65f22697ded85]]></wp:meta_value>
		</wp:postmeta>
							<wp:postmeta>
		<wp:meta_key><![CDATA[advertising_rates_1_cta_button_label]]></wp:meta_key>
		<wp:meta_value><![CDATA[Details]]></wp:meta_value>
		</wp:postmeta>
							<wp:postmeta>
		<wp:meta_key><![CDATA[_advertising_rates_1_cta_button_label]]></wp:meta_key>
		<wp:meta_value><![CDATA[field_65f22742ded87]]></wp:meta_value>
		</wp:postmeta>
							<wp:postmeta>
		<wp:meta_key><![CDATA[advertising_rates_1_cta_link]]></wp:meta_key>
		<wp:meta_value><![CDATA[]]></wp:meta_value>
		</wp:postmeta>
							<wp:postmeta>
		<wp:meta_key><![CDATA[_advertising_rates_1_cta_link]]></wp:meta_key>
		<wp:meta_value><![CDATA[field_65f22697ded85]]></wp:meta_value>
		</wp:postmeta>
							<wp:postmeta>
		<wp:meta_key><![CDATA[advertising_rates_2_cta_button_label]]></wp:meta_key>
		<wp:meta_value><![CDATA[Details]]></wp:meta_value>
		</wp:postmeta>
							<wp:postmeta>
		<wp:meta_key><![CDATA[_advertising_rates_2_cta_button_label]]></wp:meta_key>
		<wp:meta_value><![CDATA[field_65f22742ded87]]></wp:meta_value>
		</wp:postmeta>
							<wp:postmeta>
		<wp:meta_key><![CDATA[advertising_rates_2_cta_link]]></wp:meta_key>
		<wp:meta_value><![CDATA[]]></wp:meta_value>
		</wp:postmeta>
							<wp:postmeta>
		<wp:meta_key><![CDATA[_advertising_rates_2_cta_link]]></wp:meta_key>
		<wp:meta_value><![CDATA[field_65f22697ded85]]></wp:meta_value>
		</wp:postmeta>
							<wp:postmeta>
		<wp:meta_key><![CDATA[full_event_switch]]></wp:meta_key>
		<wp:meta_value><![CDATA[1]]></wp:meta_value>
		</wp:postmeta>
							<wp:postmeta>
		<wp:meta_key><![CDATA[_full_event_switch]]></wp:meta_key>
		<wp:meta_value><![CDATA[field_65f3a6eadadc5]]></wp:meta_value>
		</wp:postmeta>
							<wp:postmeta>
		<wp:meta_key><![CDATA[roles_section_headline]]></wp:meta_key>
		<wp:meta_value><![CDATA[Who's Who]]></wp:meta_value>
		</wp:postmeta>
							<wp:postmeta>
		<wp:meta_key><![CDATA[_roles_section_headline]]></wp:meta_key>
		<wp:meta_value><![CDATA[field_65f3b01ac20ba]]></wp:meta_value>
		</wp:postmeta>
							<wp:postmeta>
		<wp:meta_key><![CDATA[roles_section_content]]></wp:meta_key>
		<wp:meta_value><![CDATA[]]></wp:meta_value>
		</wp:postmeta>
							<wp:postmeta>
		<wp:meta_key><![CDATA[_roles_section_content]]></wp:meta_key>
		<wp:meta_value><![CDATA[field_65f3b03ec20bb]]></wp:meta_value>
		</wp:postmeta>
							<wp:postmeta>
		<wp:meta_key><![CDATA[honorees_sections_headline]]></wp:meta_key>
		<wp:meta_value><![CDATA[Honorees]]></wp:meta_value>
		</wp:postmeta>
							<wp:postmeta>
		<wp:meta_key><![CDATA[_honorees_sections_headline]]></wp:meta_key>
		<wp:meta_value><![CDATA[field_65f3b04cc20bc]]></wp:meta_value>
		</wp:postmeta>
							<wp:postmeta>
		<wp:meta_key><![CDATA[honorees_section_content]]></wp:meta_key>
		<wp:meta_value><![CDATA[]]></wp:meta_value>
		</wp:postmeta>
							<wp:postmeta>
		<wp:meta_key><![CDATA[_honorees_section_content]]></wp:meta_key>
		<wp:meta_value><![CDATA[field_65f3b068c20bd]]></wp:meta_value>
		</wp:postmeta>
							</item>
				</channel>
</rss>
	