
<?xml version="1.0" encoding="UTF-8" ?>
<!-- This is a WordPress eXtended RSS file generated by WordPress as an export of your site. -->
<!-- It contains information about your site's posts, pages, comments, categories, and other content. -->
<!-- You may use this file to transfer that content from one site to another. -->
<!-- This file is not intended to serve as a complete backup of your site. -->

<!-- To import this information into a WordPress site follow these steps: -->
<!-- 1. Log in to that site as an administrator. -->
<!-- 2. Go to Tools: Import in the WordPress admin panel. -->
<!-- 3. Install the "WordPress" importer from the list. -->
<!-- 4. Activate & Run Importer. -->
<!-- 5. Upload this file using the form provided on that page. -->
<!-- 6. You will first be asked to map the authors in this export file to users -->
<!--    on the site. For each author, you may choose to map to an -->
<!--    existing user on the site or to create a new user. -->
<!-- 7. WordPress will then import each of the posts, pages, comments, categories, etc. -->
<!--    contained in this file into your site. -->

	
<rss version="2.0"
	xmlns:excerpt="http://wordpress.org/export/1.2/excerpt/"
	xmlns:content="http://purl.org/rss/1.0/modules/content/"
	xmlns:wfw="http://wellformedweb.org/CommentAPI/"
	xmlns:dc="http://purl.org/dc/elements/1.1/"
	xmlns:wp="http://wordpress.org/export/1.2/"
>

<channel>
	<title>Order Sons and Daughters of Italy in America</title>
	<link>https://osdia-national-website.mmp</link>
	<description></description>
	<pubDate>Mon, 18 Mar 2024 19:20:31 +0000</pubDate>
	<language>en-US</language>
	<wp:wxr_version>1.2</wp:wxr_version>
	<wp:base_site_url>https://osdia-national-website.mmp</wp:base_site_url>
	<wp:base_blog_url>https://osdia-national-website.mmp</wp:base_blog_url>

		<wp:author><wp:author_id>23</wp:author_id><wp:author_login><![CDATA[rob.moore@memberminderpro.com]]></wp:author_login><wp:author_email><![CDATA[rob.moore@memberminderpro.com]]></wp:author_email><wp:author_display_name><![CDATA[Rob Moore]]></wp:author_display_name><wp:author_first_name><![CDATA[Rob]]></wp:author_first_name><wp:author_last_name><![CDATA[Moore]]></wp:author_last_name></wp:author>

				
	

<image>
	<url>http://osdia-national-website.mmp/wp-content/uploads/2017/11/cropped-OSIA-gold-32x32.jpg</url>
	<title>Order Sons and Daughters of Italy in America</title>
	<link>https://osdia-national-website.mmp</link>
	<width>32</width>
	<height>32</height>
</image> 

		<item>
		<title><![CDATA[The Sicilian Tenors]]></title>
		<link>https://osdia-national-website.mmp/nelagala-participant/the-sicilian-tenors/</link>
		<pubDate>Tue, 12 Mar 2024 22:43:40 +0000</pubDate>
		<dc:creator><![CDATA[rob.moore@memberminderpro.com]]></dc:creator>
		<guid isPermaLink="false">http://osdia-national-website.mmp/?post_type=nelagala-participant&#038;p=7260</guid>
		<description></description>
		<content:encoded><![CDATA[<p class="has-nv-dark-bg-color has-text-color">The Sons of Italy Foundation is pleased to welcome The Sicilian Tenors, fresh off their award winning program airing on PBS stations around the country, in their first performance at the annual National Education &amp; Leadership Awards Gala. The Sicilian Tenors will take the audience on a romantic journey to Italy, for some Neapolitan classics, and then back to America for a few Italian-American classics as well, including a new song in honor of the great Luciano Pavarotti.</p>
<p class="has-nv-dark-bg-color has-text-color">Aaron Caruso, Elio Scaccio, and Sam Vitale, proudly represent the best in Italian and Italian-American music as they perform across the United States and all over the world. They have performed at Carnegie Hall, NBC’s Saturday Night Live studio for a worldwide Comcast Special, multiple venues in Las Vegas, and have sung patriotic songs at major sporting events for MLB, NFL, and NHL games, and have been the headliners at the country’s biggest Italian Festivals.</p>
<p class="has-nv-dark-bg-color has-text-color">The Sicilian Tenors are honored to be the sponsors of the new “The Neapolitan and Italian Art Song Competition – Scholarship Award” which will be held annually at The University of Michigan School of Music. They will honor the great music of our heritage and help promote it for future generations of singers to come.</p>]]></content:encoded>
		<excerpt:encoded><![CDATA[]]></excerpt:encoded>
		<wp:post_id>7260</wp:post_id>
		<wp:post_date><![CDATA[2024-03-12 18:43:40]]></wp:post_date>
		<wp:post_date_gmt><![CDATA[2024-03-12 22:43:40]]></wp:post_date_gmt>
		<wp:post_modified><![CDATA[2024-03-13 02:46:58]]></wp:post_modified>
		<wp:post_modified_gmt><![CDATA[2024-03-13 06:46:58]]></wp:post_modified_gmt>
		<wp:comment_status><![CDATA[closed]]></wp:comment_status>
		<wp:ping_status><![CDATA[closed]]></wp:ping_status>
		<wp:post_name><![CDATA[the-sicilian-tenors]]></wp:post_name>
		<wp:status><![CDATA[publish]]></wp:status>
		<wp:post_parent>0</wp:post_parent>
		<wp:menu_order>0</wp:menu_order>
		<wp:post_type><![CDATA[nelagala-participant]]></wp:post_type>
		<wp:post_password><![CDATA[]]></wp:post_password>
		<wp:is_sticky>0</wp:is_sticky>
														<wp:postmeta>
		<wp:meta_key><![CDATA[_edit_last]]></wp:meta_key>
		<wp:meta_value><![CDATA[23]]></wp:meta_value>
		</wp:postmeta>
							<wp:postmeta>
		<wp:meta_key><![CDATA[photo]]></wp:meta_key>
		<wp:meta_value><![CDATA[7261]]></wp:meta_value>
		</wp:postmeta>
							<wp:postmeta>
		<wp:meta_key><![CDATA[_photo]]></wp:meta_key>
		<wp:meta_value><![CDATA[field_65e4fb8709a61]]></wp:meta_value>
		</wp:postmeta>
							<wp:postmeta>
		<wp:meta_key><![CDATA[title]]></wp:meta_key>
		<wp:meta_value><![CDATA[]]></wp:meta_value>
		</wp:postmeta>
							<wp:postmeta>
		<wp:meta_key><![CDATA[_title]]></wp:meta_key>
		<wp:meta_value><![CDATA[field_65e502fc0c31c]]></wp:meta_value>
		</wp:postmeta>
							<wp:postmeta>
		<wp:meta_key><![CDATA[website]]></wp:meta_key>
		<wp:meta_value><![CDATA[https://www.thesiciliantenors.com/]]></wp:meta_value>
		</wp:postmeta>
							<wp:postmeta>
		<wp:meta_key><![CDATA[_website]]></wp:meta_key>
		<wp:meta_value><![CDATA[field_65e4fbdf09a64]]></wp:meta_value>
		</wp:postmeta>
							<wp:postmeta>
		<wp:meta_key><![CDATA[summary]]></wp:meta_key>
		<wp:meta_value><![CDATA[The Sicilian Tenors take their audiences on a romantic journey from Hollywood to Broadway to Italy with beautiful tenor voices singing a wide variety of marvelous songs that America loves.]]></wp:meta_value>
		</wp:postmeta>
							<wp:postmeta>
		<wp:meta_key><![CDATA[_summary]]></wp:meta_key>
		<wp:meta_value><![CDATA[field_65e4fbbc09a62]]></wp:meta_value>
		</wp:postmeta>
							<wp:postmeta>
		<wp:meta_key><![CDATA[bio]]></wp:meta_key>
		<wp:meta_value><![CDATA[]]></wp:meta_value>
		</wp:postmeta>
							<wp:postmeta>
		<wp:meta_key><![CDATA[_bio]]></wp:meta_key>
		<wp:meta_value><![CDATA[field_65eb5a5427978]]></wp:meta_value>
		</wp:postmeta>
							<wp:postmeta>
		<wp:meta_key><![CDATA[_yoast_wpseo_estimated-reading-time-minutes]]></wp:meta_key>
		<wp:meta_value><![CDATA[2]]></wp:meta_value>
		</wp:postmeta>
							<wp:postmeta>
		<wp:meta_key><![CDATA[_yoast_wpseo_wordproof_timestamp]]></wp:meta_key>
		<wp:meta_value><![CDATA[]]></wp:meta_value>
		</wp:postmeta>
							</item>
					<item>
		<title><![CDATA[Augustin Tellez]]></title>
		<link>https://osdia-national-website.mmp/nelagala-participant/augustin-tellez/</link>
		<pubDate>Tue, 12 Mar 2024 22:44:57 +0000</pubDate>
		<dc:creator><![CDATA[rob.moore@memberminderpro.com]]></dc:creator>
		<guid isPermaLink="false">http://osdia-national-website.mmp/?post_type=nelagala-participant&#038;p=7262</guid>
		<description></description>
		<content:encoded><![CDATA[<p class="has-nv-dark-bg-color has-text-color">Augustin “Augie” Tellez is the executive vice president of the Seafarers International Union. He was appointed to that position in November 2005 and subsequently has been reelected multiple times by the union’s membership.</p>
<p class="has-nv-dark-bg-color has-text-color">Previously, he served as the union’s vice president of contracts and contracts enforcement from 1991-2005. In that post, he managed the SIU’s collective bargaining and contract implementation efforts throughout all segments of the industry, including deep sea, Great Lakes, inland and passenger vessels.</p>
<p class="has-nv-dark-bg-color has-text-color">Tellez was appointed as vice president in 1991 by the SIU executive board. He was elected to a full term by the union’s membership in 1992 and was reelected thereafter.</p>
<p class="has-nv-dark-bg-color has-text-color">He also serves as a trustee for the Paul Hall Center for Maritime Training and Education – a world-class, comprehensive vocational education institution located in Piney Point, Md. Additionally, Tellez chairs the Paul Hall Center’s advisory board, composed of high-ranking industry representatives from labor, management and government.</p>
<p class="has-nv-dark-bg-color has-text-color">Serving under the respective administrations of the late SIU President Frank Drozak, retired SIU President Michael Sacco and current SIU President David Heindel, Tellez has helped lead the union to numerous contractual gains and improved benefits for SIU members and their families.</p>
<p class="has-nv-dark-bg-color has-text-color">As a Paul Hall Center trustee and advisory board chairman, he helped spearhead the construction of two unsurpassed additions at the school designed to promote shipboard safety: the Joseph Sacco Fire Fighting and Safety School, which opened in 1999 and specifically is tailored for marine fire fighting training; and a state-of-the-art simulator building that houses top-notch simulators for shiphandling, engine room operations, liquid cargo procedures, crane operations and more. The latter opened in October 2000.</p>
<p class="has-nv-dark-bg-color has-text-color">Tellez also worked closely with the development team that put together the union’s Coast Guard-accepted training record book – a groundbreaking document first published in 1997 that is designed to help both individual SIU members and SIU-contracted companies comply with complex international maritime regulations.</p>
<p class="has-nv-dark-bg-color has-text-color">From July 2011 to August 2022, he served on the U.S. Transportation Department’s Marine Transportation System National Advisory Council. In 2017, he was appointed to serve on the federal U.S. Maritime Workforce Working Group Subcommittee, which is part of the council. The subcommittee is tasked with examining and assessing the size of the pool of United States citizen mariners necessary to support the U.S.-flag fleet in times of national emergency.</p>
<p class="has-nv-dark-bg-color has-text-color">For more than two decades, Tellez has participated in the U.S. Transportation Command’s Voluntary Intermodal Sealift Agreement Executive Working Group (EWG), which is a partnership between the U.S. Government and the U.S. commercial maritime industry. The purpose of the EWG is to strengthen the strategic relationship between the DOD, DOT and the industry with “assured access” to commercial sealift and intermodal capacity to support the emergency deployment and sustainment of U.S. military forces.</p>
<p class="has-nv-dark-bg-color has-text-color">Tellez worked his way up through the ranks, starting with the SIU in 1975 after graduating from the entry program at the Paul Hall Center’s Lundeberg School of Seamanship. He sailed from the union’s Brooklyn, N.Y., hiring hall as an able bodied seaman before coming ashore.</p>
<p class="has-nv-dark-bg-color has-text-color">He served the union in various capacities in Jacksonville, Fla.; Mobile, Ala.; Tampa; Paducah, Ky.; Baltimore; St. Louis; and Houston. In 1980, he became the port agent for the SIU’s headquarters port, located in Brooklyn.</p>
<p class="has-nv-dark-bg-color has-text-color">Tellez in 1987 relocated to what had become the union’s new headquarters in Camp Springs, Md., where he served as special assistant to the president. That same year, he was elected as the vice president for the Seafarers International Union of North America – the parent union of the SIU’s seagoing component. A year later, he became the assistant vice president for contracts and contracts enforcement.</p>
<p class="has-nv-dark-bg-color has-text-color">Tellez met his wife, Susan Lagana, in 1971 in Brooklyn and they were married in 1980. They have three children: Kristen Tellez-Wilson (husband Christian), Lauren Tellez (husband Curtis Reeves), and Augustin Francis Tellez. They have five grandchildren: Gabriel, Kaelynn, River, Noah and Jace.</p>]]></content:encoded>
		<excerpt:encoded><![CDATA[]]></excerpt:encoded>
		<wp:post_id>7262</wp:post_id>
		<wp:post_date><![CDATA[2024-03-12 18:44:57]]></wp:post_date>
		<wp:post_date_gmt><![CDATA[2024-03-12 22:44:57]]></wp:post_date_gmt>
		<wp:post_modified><![CDATA[2024-03-13 14:02:44]]></wp:post_modified>
		<wp:post_modified_gmt><![CDATA[2024-03-13 18:02:44]]></wp:post_modified_gmt>
		<wp:comment_status><![CDATA[closed]]></wp:comment_status>
		<wp:ping_status><![CDATA[closed]]></wp:ping_status>
		<wp:post_name><![CDATA[augustin-tellez]]></wp:post_name>
		<wp:status><![CDATA[publish]]></wp:status>
		<wp:post_parent>0</wp:post_parent>
		<wp:menu_order>0</wp:menu_order>
		<wp:post_type><![CDATA[nelagala-participant]]></wp:post_type>
		<wp:post_password><![CDATA[]]></wp:post_password>
		<wp:is_sticky>0</wp:is_sticky>
										<category domain="event_year" nicename="2024"><![CDATA[2024]]></category>
						<wp:postmeta>
		<wp:meta_key><![CDATA[_edit_last]]></wp:meta_key>
		<wp:meta_value><![CDATA[23]]></wp:meta_value>
		</wp:postmeta>
							<wp:postmeta>
		<wp:meta_key><![CDATA[photo]]></wp:meta_key>
		<wp:meta_value><![CDATA[7290]]></wp:meta_value>
		</wp:postmeta>
							<wp:postmeta>
		<wp:meta_key><![CDATA[_photo]]></wp:meta_key>
		<wp:meta_value><![CDATA[field_65e4fb8709a61]]></wp:meta_value>
		</wp:postmeta>
							<wp:postmeta>
		<wp:meta_key><![CDATA[title]]></wp:meta_key>
		<wp:meta_value><![CDATA[Executive Vice President, Seafarers International Union]]></wp:meta_value>
		</wp:postmeta>
							<wp:postmeta>
		<wp:meta_key><![CDATA[_title]]></wp:meta_key>
		<wp:meta_value><![CDATA[field_65e502fc0c31c]]></wp:meta_value>
		</wp:postmeta>
							<wp:postmeta>
		<wp:meta_key><![CDATA[website]]></wp:meta_key>
		<wp:meta_value><![CDATA[https://www.seafarers.org/about/siu-information/executive-board/augustin-augie-tellez/]]></wp:meta_value>
		</wp:postmeta>
							<wp:postmeta>
		<wp:meta_key><![CDATA[_website]]></wp:meta_key>
		<wp:meta_value><![CDATA[field_65e4fbdf09a64]]></wp:meta_value>
		</wp:postmeta>
							<wp:postmeta>
		<wp:meta_key><![CDATA[summary]]></wp:meta_key>
		<wp:meta_value><![CDATA[Augustin "Augie" Tellez,  has served as the executive vice president of the Seafarers International Union (SIU) since 2005, having previously led its collective bargaining from 1991. Tellez, married to Susan Lagana since 1980, has three children and five grandchildren, embodying a life dedicated to maritime labor rights and family.]]></wp:meta_value>
		</wp:postmeta>
							<wp:postmeta>
		<wp:meta_key><![CDATA[_summary]]></wp:meta_key>
		<wp:meta_value><![CDATA[field_65e4fbbc09a62]]></wp:meta_value>
		</wp:postmeta>
							<wp:postmeta>
		<wp:meta_key><![CDATA[bio]]></wp:meta_key>
		<wp:meta_value><![CDATA[]]></wp:meta_value>
		</wp:postmeta>
							<wp:postmeta>
		<wp:meta_key><![CDATA[_bio]]></wp:meta_key>
		<wp:meta_value><![CDATA[field_65eb5a5427978]]></wp:meta_value>
		</wp:postmeta>
							<wp:postmeta>
		<wp:meta_key><![CDATA[_yoast_wpseo_estimated-reading-time-minutes]]></wp:meta_key>
		<wp:meta_value><![CDATA[4]]></wp:meta_value>
		</wp:postmeta>
							<wp:postmeta>
		<wp:meta_key><![CDATA[_yoast_wpseo_wordproof_timestamp]]></wp:meta_key>
		<wp:meta_value><![CDATA[]]></wp:meta_value>
		</wp:postmeta>
							</item>
					<item>
		<title><![CDATA[Joe Mantegna]]></title>
		<link>https://osdia-national-website.mmp/nelagala-participant/joe-mantegna/</link>
		<pubDate>Tue, 12 Mar 2024 22:50:42 +0000</pubDate>
		<dc:creator><![CDATA[rob.moore@memberminderpro.com]]></dc:creator>
		<guid isPermaLink="false">http://osdia-national-website.mmp/?post_type=nelagala-participant&#038;p=7263</guid>
		<description></description>
		<content:encoded><![CDATA[<p class="has-nv-dark-bg-color has-text-color">A Tony and Emmy award-winning American actor, producer, writer, and director, Joe Mantegna has more than 40 years of performance experience, earning him a star on Hollywood’s Walk of Fame.</p>
<p class="has-nv-dark-bg-color has-text-color">He is best known for roles in box-office hits such as David Mamet’s highly acclaimed<span> </span><em>House of Games</em>, as well as<span> </span><em>Forget Paris</em>, and<span> </span><em>CARS 2,<span> </span></em>and the CBS television series<span> </span><em>Criminal Minds</em>. His newest project is<span> </span><em>As We See It,<span> </span></em>an Amazon Prime original series.</p>
<p class="has-nv-dark-bg-color has-text-color">As father of an autistic daughter, Mr. Mantegna has spent many years helping autistic children and families through ACT for Military Families, Easter Seals, and Autism Speaks.</p>
<p class="has-nv-dark-bg-color has-text-color">He has received numerous awards for his work with various veterans’ and military organizations and the USO. In 2012, he was named the National Spokesperson for the campaign to build the United States Army Museum in Ft. Belvoir, Virginia.</p>
<p class="has-nv-dark-bg-color has-text-color">This year marks his 19<sup>th</sup><span> </span>consecutive year as host of the National Memorial Day Concert and the SIF NELA Gala.</p>]]></content:encoded>
		<excerpt:encoded><![CDATA[]]></excerpt:encoded>
		<wp:post_id>7263</wp:post_id>
		<wp:post_date><![CDATA[2024-03-12 18:50:42]]></wp:post_date>
		<wp:post_date_gmt><![CDATA[2024-03-12 22:50:42]]></wp:post_date_gmt>
		<wp:post_modified><![CDATA[2024-03-13 02:44:19]]></wp:post_modified>
		<wp:post_modified_gmt><![CDATA[2024-03-13 06:44:19]]></wp:post_modified_gmt>
		<wp:comment_status><![CDATA[closed]]></wp:comment_status>
		<wp:ping_status><![CDATA[closed]]></wp:ping_status>
		<wp:post_name><![CDATA[joe-mantegna]]></wp:post_name>
		<wp:status><![CDATA[publish]]></wp:status>
		<wp:post_parent>0</wp:post_parent>
		<wp:menu_order>0</wp:menu_order>
		<wp:post_type><![CDATA[nelagala-participant]]></wp:post_type>
		<wp:post_password><![CDATA[]]></wp:post_password>
		<wp:is_sticky>0</wp:is_sticky>
										<category domain="event_year" nicename="2005"><![CDATA[2005]]></category>
		<category domain="event_year" nicename="2006"><![CDATA[2006]]></category>
		<category domain="event_year" nicename="2007"><![CDATA[2007]]></category>
		<category domain="event_year" nicename="2008"><![CDATA[2008]]></category>
		<category domain="event_year" nicename="2009"><![CDATA[2009]]></category>
		<category domain="event_year" nicename="2010"><![CDATA[2010]]></category>
		<category domain="event_year" nicename="2011"><![CDATA[2011]]></category>
		<category domain="event_year" nicename="2012"><![CDATA[2012]]></category>
		<category domain="event_year" nicename="2013"><![CDATA[2013]]></category>
		<category domain="event_year" nicename="2014"><![CDATA[2014]]></category>
		<category domain="event_year" nicename="2015"><![CDATA[2015]]></category>
		<category domain="event_year" nicename="2016"><![CDATA[2016]]></category>
		<category domain="event_year" nicename="2017"><![CDATA[2017]]></category>
		<category domain="event_year" nicename="2018"><![CDATA[2018]]></category>
		<category domain="event_year" nicename="2019"><![CDATA[2019]]></category>
		<category domain="event_year" nicename="2020"><![CDATA[2020]]></category>
		<category domain="event_year" nicename="2021"><![CDATA[2021]]></category>
		<category domain="event_year" nicename="2022"><![CDATA[2022]]></category>
		<category domain="event_year" nicename="2023"><![CDATA[2023]]></category>
		<category domain="event_year" nicename="2024"><![CDATA[2024]]></category>
						<wp:postmeta>
		<wp:meta_key><![CDATA[_edit_last]]></wp:meta_key>
		<wp:meta_value><![CDATA[23]]></wp:meta_value>
		</wp:postmeta>
							<wp:postmeta>
		<wp:meta_key><![CDATA[photo]]></wp:meta_key>
		<wp:meta_value><![CDATA[7264]]></wp:meta_value>
		</wp:postmeta>
							<wp:postmeta>
		<wp:meta_key><![CDATA[_photo]]></wp:meta_key>
		<wp:meta_value><![CDATA[field_65e4fb8709a61]]></wp:meta_value>
		</wp:postmeta>
							<wp:postmeta>
		<wp:meta_key><![CDATA[title]]></wp:meta_key>
		<wp:meta_value><![CDATA[Tony and Emmy award-winning actor, producer, writer, and director,]]></wp:meta_value>
		</wp:postmeta>
							<wp:postmeta>
		<wp:meta_key><![CDATA[_title]]></wp:meta_key>
		<wp:meta_value><![CDATA[field_65e502fc0c31c]]></wp:meta_value>
		</wp:postmeta>
							<wp:postmeta>
		<wp:meta_key><![CDATA[website]]></wp:meta_key>
		<wp:meta_value><![CDATA[https://joemantegna.com/]]></wp:meta_value>
		</wp:postmeta>
							<wp:postmeta>
		<wp:meta_key><![CDATA[_website]]></wp:meta_key>
		<wp:meta_value><![CDATA[field_65e4fbdf09a64]]></wp:meta_value>
		</wp:postmeta>
							<wp:postmeta>
		<wp:meta_key><![CDATA[summary]]></wp:meta_key>
		<wp:meta_value><![CDATA[Chicago-born Joe Mantegna boasts a diverse career spanning theater, film, and television. This year marks his 19th consecutive year as host of the National Memorial Day Concert and the SIF NELA Gala.

]]></wp:meta_value>
		</wp:postmeta>
							<wp:postmeta>
		<wp:meta_key><![CDATA[_summary]]></wp:meta_key>
		<wp:meta_value><![CDATA[field_65e4fbbc09a62]]></wp:meta_value>
		</wp:postmeta>
							<wp:postmeta>
		<wp:meta_key><![CDATA[bio]]></wp:meta_key>
		<wp:meta_value><![CDATA[]]></wp:meta_value>
		</wp:postmeta>
							<wp:postmeta>
		<wp:meta_key><![CDATA[_bio]]></wp:meta_key>
		<wp:meta_value><![CDATA[field_65eb5a5427978]]></wp:meta_value>
		</wp:postmeta>
							<wp:postmeta>
		<wp:meta_key><![CDATA[_yoast_wpseo_estimated-reading-time-minutes]]></wp:meta_key>
		<wp:meta_value><![CDATA[2]]></wp:meta_value>
		</wp:postmeta>
							<wp:postmeta>
		<wp:meta_key><![CDATA[_yoast_wpseo_wordproof_timestamp]]></wp:meta_key>
		<wp:meta_value><![CDATA[]]></wp:meta_value>
		</wp:postmeta>
							</item>
					<item>
		<title><![CDATA[Tony Lo Bianco]]></title>
		<link>https://osdia-national-website.mmp/nelagala-participant/tony-lo-bianco/</link>
		<pubDate>Tue, 12 Mar 2024 22:51:43 +0000</pubDate>
		<dc:creator><![CDATA[rob.moore@memberminderpro.com]]></dc:creator>
		<guid isPermaLink="false">http://osdia-national-website.mmp/?post_type=nelagala-participant&#038;p=7265</guid>
		<description></description>
		<content:encoded><![CDATA[<p class="has-nv-dark-bg-color has-text-color">The career of Tony Lo Bianco covers over 68 years and is still going strong. His work as an actor is distinguished as much by its depth and variety as by the skills and gifts he brings to his work. He has been in over 100 films, TV programs, and stage performances.</p>
<p class="has-nv-dark-bg-color has-text-color">Born in Brooklyn, New York, as a teenager, he was a former Golden Gloves boxer and an all-star baseball player, having a tryout with the Brooklyn Dodger rookies at Ebbets Field.</p>
<p class="has-nv-dark-bg-color has-text-color">Off-Broadway, Mr. Lo Bianco won an Obie Award for Best Actor in<em>Yanks-3, Detroit-0, Top of the 7th</em>. Following his memorable performance as Eddie Carbone in Arthur Miller’s<span> </span><em>A View from the Bridge</em><span> </span>on Broadway, he was nominated for Best Actor for the Tony Award, and won the Outer Critics Circle Award. He also received an Emmy Award for<span> </span><em>Hizzoner! The Life of New York Mayor Fiorello La Guardia</em><span> </span>and received 2 Emmys for  “<em>Just A Common Soldier”: a tribute to our veterans<span> </span></em>which<em><span> </span></em>has over 40 million views. Tony is also a lifetime member of The Actor’s Studio.</p>
<p class="has-nv-dark-bg-color has-text-color">His best known film performances are as Sal Boca in the 5 Academy Awards winner<span> </span><em>The French Connection</em>, with Gene Hackman and Roy Scheider ; as Ray Fernandez in cult classic<span> </span><em>The Honeymoon Killers</em>;<span> </span><em>Bloodbrothers</em><span> </span>with Richard Gere;<span> </span><em>City Heat</em><span> </span>with Clint Eastwood and Burt Reynolds; Oliver Stone’s<span> </span><em>Nixon</em><span> </span>with Anthony Hopkins;<span> </span><em>The Juror<span> </span></em>with Alec Baldwin and Demi Moore;<span> </span><em>F.I.S.T.</em><span> </span>with Sylvester Stallone,<span> </span><em>Kill the Irishman</em>, alongside Val Kilmer, and Christopher Walken and<span> </span><em>The Engagement Ring</em><span> </span>with Patricia Heaton and Lainie Kazan.</p>
<p class="has-nv-dark-bg-color has-text-color">On television, Mr. Lo Bianco starred as heavyweight champ Rocky Marciano in<span> </span><em>Marciano</em>, and again in the remake,<span> </span><em>The Rocky Marciano Story</em><span> </span>with George C. Scott and Jon Favreau. He appeared in the mini-series<span> </span><em>Marco Polo with Burt Lancaster</em>; Franco Zeffirelli’s<span> </span><em>Jesus of Nazareth</em><span> </span>with Lawrence Olivier and Anthony Quinn; he co-starred in<span> </span><em>La Romana</em><span> </span>with Gina Lollobrigeda and<span> </span><em>The Last Tenant</em><span> </span>with legendary acting teacher Lee Strasberg. Mr. Lo Bianco starred in the television series,<span> </span><em>Police Story</em><span> </span>and<span> </span><em>Palace Guard</em>, and co-starred in the series,<span> </span><em>Jessie</em>, with Lindsay Wagner. He has appeared in episodes of<span> </span><em>Law &amp; Order</em>;<span> </span><em>Murder, She Wrote</em>; and numerous two-hour movies of the week. On his directorial debut of<em><span> </span>Police Story</em><span> </span>starring Jackie Cooper, received the highest praise from Cecil Smith as best show of the season. He also directed several episodes of television series, and the feature film<span> </span><em>Too Scared to Scream<span> </span></em>with Anne Archer and Ian McShane.</p>
<p class="has-nv-dark-bg-color has-text-color">Mr. Lo Bianco served as National Spokesperson for the Order of Sons of Italy. His many humanitarian efforts have earned multiple awards, including the Eleanora Duse Award; Man of the Year for Outstanding Contributions to the Italian-American Community from the Police Society of New Jersey; a Lifetime Entertainment Award from the Columbus Day Parade Committee; the Golden Lion Award; the Humanitarian Award of the Boys’ Town of Italy, and the Ellis Island Medal of honor. He is a member of the Italian American National Hall of Fame and so many more.</p>
<p class="has-nv-dark-bg-color has-text-color">Tony’s new movie with Ray Romano, Jennifer Esposito and Laurie Metcalf, “<em>Somewhere In Queens</em>”, was released in April. He and his wife, Alyse, are working as co-executive producers of a film project on The Shroud of Turin based on the novel The Shroud Codex.</p>
<p class="has-nv-dark-bg-color has-text-color">Tony is proud of his involvement saving veterans with The USO, Tunnels to Towers, The Gold Shield, Building Homes for Heroes, The Wounded Warrior Project, the Police and Fire Departments and Operation Warrior Shield. He and his wife divide their time between New York, Maryland and Florida.</p>]]></content:encoded>
		<excerpt:encoded><![CDATA[]]></excerpt:encoded>
		<wp:post_id>7265</wp:post_id>
		<wp:post_date><![CDATA[2024-03-12 18:51:43]]></wp:post_date>
		<wp:post_date_gmt><![CDATA[2024-03-12 22:51:43]]></wp:post_date_gmt>
		<wp:post_modified><![CDATA[2024-03-14 00:40:16]]></wp:post_modified>
		<wp:post_modified_gmt><![CDATA[2024-03-14 04:40:16]]></wp:post_modified_gmt>
		<wp:comment_status><![CDATA[closed]]></wp:comment_status>
		<wp:ping_status><![CDATA[closed]]></wp:ping_status>
		<wp:post_name><![CDATA[tony-lo-bianco]]></wp:post_name>
		<wp:status><![CDATA[publish]]></wp:status>
		<wp:post_parent>0</wp:post_parent>
		<wp:menu_order>0</wp:menu_order>
		<wp:post_type><![CDATA[nelagala-participant]]></wp:post_type>
		<wp:post_password><![CDATA[]]></wp:post_password>
		<wp:is_sticky>0</wp:is_sticky>
										<category domain="event_year" nicename="2024"><![CDATA[2024]]></category>
						<wp:postmeta>
		<wp:meta_key><![CDATA[_edit_last]]></wp:meta_key>
		<wp:meta_value><![CDATA[23]]></wp:meta_value>
		</wp:postmeta>
							<wp:postmeta>
		<wp:meta_key><![CDATA[photo]]></wp:meta_key>
		<wp:meta_value><![CDATA[7314]]></wp:meta_value>
		</wp:postmeta>
							<wp:postmeta>
		<wp:meta_key><![CDATA[_photo]]></wp:meta_key>
		<wp:meta_value><![CDATA[field_65e4fb8709a61]]></wp:meta_value>
		</wp:postmeta>
							<wp:postmeta>
		<wp:meta_key><![CDATA[title]]></wp:meta_key>
		<wp:meta_value><![CDATA[Award-Winning Actor]]></wp:meta_value>
		</wp:postmeta>
							<wp:postmeta>
		<wp:meta_key><![CDATA[_title]]></wp:meta_key>
		<wp:meta_value><![CDATA[field_65e502fc0c31c]]></wp:meta_value>
		</wp:postmeta>
							<wp:postmeta>
		<wp:meta_key><![CDATA[website]]></wp:meta_key>
		<wp:meta_value><![CDATA[https://www.tonylobianco.com]]></wp:meta_value>
		</wp:postmeta>
							<wp:postmeta>
		<wp:meta_key><![CDATA[_website]]></wp:meta_key>
		<wp:meta_value><![CDATA[field_65e4fbdf09a64]]></wp:meta_value>
		</wp:postmeta>
							<wp:postmeta>
		<wp:meta_key><![CDATA[summary]]></wp:meta_key>
		<wp:meta_value><![CDATA[Tony Lo Bianco is a versatile actor with a career spanning over 68 years. He has starred in over 100 films, TV shows, and stage productions.  He is actively involved in humanitarian efforts and is a proud supporter of veterans' causes. ]]></wp:meta_value>
		</wp:postmeta>
							<wp:postmeta>
		<wp:meta_key><![CDATA[_summary]]></wp:meta_key>
		<wp:meta_value><![CDATA[field_65e4fbbc09a62]]></wp:meta_value>
		</wp:postmeta>
							<wp:postmeta>
		<wp:meta_key><![CDATA[bio]]></wp:meta_key>
		<wp:meta_value><![CDATA[]]></wp:meta_value>
		</wp:postmeta>
							<wp:postmeta>
		<wp:meta_key><![CDATA[_bio]]></wp:meta_key>
		<wp:meta_value><![CDATA[field_65eb5a5427978]]></wp:meta_value>
		</wp:postmeta>
							<wp:postmeta>
		<wp:meta_key><![CDATA[_yoast_wpseo_estimated-reading-time-minutes]]></wp:meta_key>
		<wp:meta_value><![CDATA[4]]></wp:meta_value>
		</wp:postmeta>
							<wp:postmeta>
		<wp:meta_key><![CDATA[_yoast_wpseo_wordproof_timestamp]]></wp:meta_key>
		<wp:meta_value><![CDATA[]]></wp:meta_value>
		</wp:postmeta>
							</item>
					<item>
		<title><![CDATA[William “Bill” Pascrell, Jr.]]></title>
		<link>https://osdia-national-website.mmp/nelagala-participant/william-bill-pascrell-jr/</link>
		<pubDate>Tue, 12 Mar 2024 22:53:49 +0000</pubDate>
		<dc:creator><![CDATA[rob.moore@memberminderpro.com]]></dc:creator>
		<guid isPermaLink="false">http://osdia-national-website.mmp/?post_type=nelagala-participant&#038;p=7266</guid>
		<description></description>
		<content:encoded><![CDATA[A native son of New Jersey, Bill Pascrell, Jr. has built a life of public service around the principles he learned while growing up on the south side of Paterson. Bill credits his parents and his Italian-immigrant grandparents with instilling in him the value of being a bridge builder: one who seeks to bring together the diverse peoples and neighborhoods in our communities to forge a better society.

Bill was first elected Congressman for New Jersey’s 8th Congressional District in 1996. After congressional reapportionment, the district was reconfigured and renumbered to be the 9th Congressional District beginning with the 113th Congress in 2013. Bill is now in his twelfth term.

Since 2007, Bill has served on the powerful, tax-writing House Ways and Means Committee, overseeing numerous economic issues including Social Security, taxes, Medicare, health policy, and international trade. On the committee, Bill has been a champion for the middle class by supporting policies that help facilitate job creation, distribute the tax burden equitably, craft trade agreements that benefit our workers, and make quality health care affordable for all Americans.

Bill is a leader in Congress demanding tax fairness. Heis the lead sponsor of legislation to restore the full state and local tax deduction which was capped by the Republican tax scam law of 2017, stealing a critical economic lifeline for generations of New Jerseyans. Bill is also the prime sponsor on a bill that would finally eliminate the egregious carried interest tax loophole and is leading efforts on the Bring Jobs Home Act to support domestic job creation.

And as Ranking Member of the Subcommittee on Trade in the 115th Congress, Bill was a stalwart voice for workers, constantly demanding national trade policies that put our laborers first. As a senior member of the panel, Bill maintains that drive.

Bill has made environmental protection a top priority. Pascrell is the long-time sponsor of legislation that would foster development of offshore wind energy. He has voted to support the Paris Climate Accord and is also proud cosponsor of the landmark Green New Deal which would establish a framework for the United States to more effectively stop the effects of climate change. Bill enthusiastically led the designation of Paterson’s Great Falls as a crown jewel unit of our National Park System, shepherding into law the Great Falls Historic District Study Act. Bill worked hand-in-hand with President Barack Obama to see that the Great Falls and its 30-acre surrounding area were recognized as the Paterson Great Falls National Historical Park.

In health care, Bill has always supported the Affordable Care Act and has been tireless in protecting it against Republican efforts to revoke health care for millions of Americans and believes we must preserve and strengthen the law. And as the opioid crisis has ravaged our nation, Bill’s Alternatives to Opioids in the Emergency Department Act was signed into law in 2018 to bring nationwide a successful preventative program to fight the epidemic.

As the co-chairman and founder of the Congressional Brain Injury Task Force, Bill has raised the nation’s awareness of the dangers of traumatic brain injury (TBI). TBI was identified as the “signature injury” among soldiers serving in Iraq and Afghanistan, and Bill has worked to make sure that our soldiers are properly screened and diagnosed for concussions. Bill has also worked assiduously to shed greater light on efforts the dangers of TBI to young student athletes. He most recently authored the Traumatic Brain Injury Reauthorization Act and also wrote the Concussion Treatment and Care Tools Act (the ConTACT Act) to advance federal protocols for youth sports which was signed into law in 2010.

Bill is a nationally recognized leader on the issue of fire safety, having proudly authored the Firefighter Investment and Response Enhancement (FIRE) Act of 2000 which established the only federal program that delivers grant dollars directly to fire departments across America. Because of Bill’s work, the nation’s 32,000 career, volunteer, and combination fire departments have applied for hundreds of millions in federal grants to purchase the equipment, training, and vehicles needed to serve their communities. The AFG program also funds Fire Prevention and Safety Grants for fire awareness and prevention activities, as well as fire safety-related research. Bill also crafted the Staffing for Adequate Fire and Emergency Response, or SAFER, grant program signed into law in 2003 which provides additional federal support for local fire departments.

As an ardent fighter on behalf of our military heroes, Bill secured a new Passaic County VA Outpatient Clinic at St. Joseph’s Hospital in Paterson. The community-based facility is the first of its kind in the Ninth District and serves the more than 30,000 veterans in our communities. The Congressman lobbied hard for the clinic, arguing that too often, VA hospitals and clinics such as those in Hackensack and East Orange, are overcrowded and unable to handle the volume of veterans in our communities needing care.

Bill is the longtime co-chair of the Congressional Law Enforcement Caucus where he uses his post to watch out for the interests of community police departments across America. He has led efforts in Congress to protect numerous law enforcement funding streams from sabotage by the Trump administration and was the principal sponsor of H.R. 2379, a congressional reauthorization of the Bulletproof Vest Partnership Grant Program, H.R. 1866, the Probation Officer Protection Act, and H.R. 1865, which would authorize the minting of a coin in honor of the National Law Enforcement Museum.

Bill also serves as co-chair of the Italian-American Congressional Delegation. In addition to serving as a legislative branch liaison to the Republic of Italy, Bill’s role ensures there is a strong voice to promote Italian-American history and culture in Congress.

In previous Congresses, Bill served as a member of the House Committees on Transportation and Infrastructure (1997-2007), Homeland Security (2001-2011), Budget (2011-2017) and Small Business (1997-2001).

As a child, Bill attended St. George’s Elementary School in Paterson and graduated from St. John the Baptist High School. After earning two degrees from Fordham University (B.A. in Journalism, M.A. in Philosophy) in the Bronx, Bill worked as both a high school history teacher and an adjunct professor. Bill also served as president of the Paterson Board of Education and as a member of Passaic County Community College’s Board of Trustees.

Bill served his country in the U.S. Army and the U.S. Army Reserve and received an honorable discharge in 1967.

Bill joined the New Jersey General Assembly in 1988 in his first elected office, rising to become Minority Leader Pro Tempore. While serving in Trenton, Bill was elected mayor of Paterson, New Jersey’s third largest city, in 1990.

Through the years, Bill has been widely recognized for his service and leadership by organizations including the New Jersey Chamber of Commerce, Department of New Jersey Jewish War Veterans, the New Jersey Veterans of Foreign Wars, the New Jersey State Policemen’s Benevolent Association, the New Jersey State Fireman’s Mutual Benevolent Association, Major County Sheriff’s Association, the Brain Injury Association of America, and Ceasefire New Jersey, and the Disabled American Veterans Charity. In Congress, Bill is a member of the prestigious Democratic Steering and Policy Committee that guides his party’s caucus.

Bill and his wife, the former Elsie Marie Botto, have three children and five grandchildren.]]></content:encoded>
		<excerpt:encoded><![CDATA[]]></excerpt:encoded>
		<wp:post_id>7266</wp:post_id>
		<wp:post_date><![CDATA[2024-03-12 18:53:49]]></wp:post_date>
		<wp:post_date_gmt><![CDATA[2024-03-12 22:53:49]]></wp:post_date_gmt>
		<wp:post_modified><![CDATA[2024-03-13 02:50:19]]></wp:post_modified>
		<wp:post_modified_gmt><![CDATA[2024-03-13 06:50:19]]></wp:post_modified_gmt>
		<wp:comment_status><![CDATA[closed]]></wp:comment_status>
		<wp:ping_status><![CDATA[closed]]></wp:ping_status>
		<wp:post_name><![CDATA[william-bill-pascrell-jr]]></wp:post_name>
		<wp:status><![CDATA[publish]]></wp:status>
		<wp:post_parent>0</wp:post_parent>
		<wp:menu_order>0</wp:menu_order>
		<wp:post_type><![CDATA[nelagala-participant]]></wp:post_type>
		<wp:post_password><![CDATA[]]></wp:post_password>
		<wp:is_sticky>0</wp:is_sticky>
										<category domain="event_year" nicename="2024"><![CDATA[2024]]></category>
						<wp:postmeta>
		<wp:meta_key><![CDATA[_edit_last]]></wp:meta_key>
		<wp:meta_value><![CDATA[23]]></wp:meta_value>
		</wp:postmeta>
							<wp:postmeta>
		<wp:meta_key><![CDATA[photo]]></wp:meta_key>
		<wp:meta_value><![CDATA[7267]]></wp:meta_value>
		</wp:postmeta>
							<wp:postmeta>
		<wp:meta_key><![CDATA[_photo]]></wp:meta_key>
		<wp:meta_value><![CDATA[field_65e4fb8709a61]]></wp:meta_value>
		</wp:postmeta>
							<wp:postmeta>
		<wp:meta_key><![CDATA[title]]></wp:meta_key>
		<wp:meta_value><![CDATA[United States Representative]]></wp:meta_value>
		</wp:postmeta>
							<wp:postmeta>
		<wp:meta_key><![CDATA[_title]]></wp:meta_key>
		<wp:meta_value><![CDATA[field_65e502fc0c31c]]></wp:meta_value>
		</wp:postmeta>
							<wp:postmeta>
		<wp:meta_key><![CDATA[website]]></wp:meta_key>
		<wp:meta_value><![CDATA[https://pascrell.house.gov/]]></wp:meta_value>
		</wp:postmeta>
							<wp:postmeta>
		<wp:meta_key><![CDATA[_website]]></wp:meta_key>
		<wp:meta_value><![CDATA[field_65e4fbdf09a64]]></wp:meta_value>
		</wp:postmeta>
							<wp:postmeta>
		<wp:meta_key><![CDATA[summary]]></wp:meta_key>
		<wp:meta_value><![CDATA[Bill Pascrell, Jr., a New Jersey native, has served as Congressman for the 9th Congressional District since 1996. He's championed economic issues, healthcare, environmental protection, and tax fairness throughout his tenure. Recognized for his leadership and service, he's received numerous accolades from organizations. Pascrell and his wife, Elsie Marie Botto, have three children and five grandchildren.]]></wp:meta_value>
		</wp:postmeta>
							<wp:postmeta>
		<wp:meta_key><![CDATA[_summary]]></wp:meta_key>
		<wp:meta_value><![CDATA[field_65e4fbbc09a62]]></wp:meta_value>
		</wp:postmeta>
							<wp:postmeta>
		<wp:meta_key><![CDATA[bio]]></wp:meta_key>
		<wp:meta_value><![CDATA[]]></wp:meta_value>
		</wp:postmeta>
							<wp:postmeta>
		<wp:meta_key><![CDATA[_bio]]></wp:meta_key>
		<wp:meta_value><![CDATA[field_65eb5a5427978]]></wp:meta_value>
		</wp:postmeta>
							<wp:postmeta>
		<wp:meta_key><![CDATA[_yoast_wpseo_estimated-reading-time-minutes]]></wp:meta_key>
		<wp:meta_value><![CDATA[6]]></wp:meta_value>
		</wp:postmeta>
							<wp:postmeta>
		<wp:meta_key><![CDATA[_yoast_wpseo_wordproof_timestamp]]></wp:meta_key>
		<wp:meta_value><![CDATA[]]></wp:meta_value>
		</wp:postmeta>
							</item>
					<item>
		<title><![CDATA[Jill M. Albertelli]]></title>
		<link>https://osdia-national-website.mmp/nelagala-participant/jill-m-albertelli/</link>
		<pubDate>Tue, 12 Mar 2024 22:55:39 +0000</pubDate>
		<dc:creator><![CDATA[rob.moore@memberminderpro.com]]></dc:creator>
		<guid isPermaLink="false">http://osdia-national-website.mmp/?post_type=nelagala-participant&#038;p=7268</guid>
		<description></description>
		<content:encoded><![CDATA[Jill Albertelli was appointed president of Military Engines for Pratt &amp; Whitney in December 2021. Jill oversees development, production, and support of the company’s military offerings, including the fifth generation F119 and F135 engines for the F-22 and F-35 fighters, the F100 for the F-15/F-16, the F117 for the C-17 transporter, the TF33 for the B-52 bomber, the PW4062 for the KC-46A tanker, Pratt &amp; Whitney’s Military auxiliary power unit portfolio, and its mobility and diverse engine programs. She is responsible for B-21 bomber engine development and Pratt &amp; Whitney’s adaptive engine portfolio for future combat aircraft.

Jill brings over 30 years of industry experience to this role, from leadership positions in engineering, manufacturing operations and supply chain to sales, programs, and commercial aftermarket, to leading the Quality organization. Most recently, Jill led the Transformation &amp; Strategy organization, partnering across the company to drive performance and alignment and spearheading enterprise-wide initiatives, including Office of the Future and the building of the new, world-class turbine airfoil production facility in Asheville, N.C. Jill has also been a key driver in furthering the company’s digital and sustainability strategies.

Jill received a bachelor’s degree in Engineering from Boston University and an MBA from Rensselaer Polytechnic Institute. She also holds certificates from Harvard Business School, the Darden Graduate School of Business Administration and INSEAD Business School. Jill was inducted into the YMCA Academy of Women Achievers, received the National Diversity Council Influential Women award, and recognized as one of the 2022 Most Influential Women Executives in Corporate America by Women Inc.

Jill is an advocate to advance girls and women in STEM fields. She serves on the Boston University College of Engineering Dean’s Leadership Advisory Board, and the Emeritus Board of Southern New England Junior Achievement. Jill is also a member of the Society of Women Engineers, Women in Aviation International, the Order of the Engineer and United Way’s Women United committee. Jill is an executive sponsor of the employee led RTX VETS resource group for Raytheon Technologies.]]></content:encoded>
		<excerpt:encoded><![CDATA[]]></excerpt:encoded>
		<wp:post_id>7268</wp:post_id>
		<wp:post_date><![CDATA[2024-03-12 18:55:39]]></wp:post_date>
		<wp:post_date_gmt><![CDATA[2024-03-12 22:55:39]]></wp:post_date_gmt>
		<wp:post_modified><![CDATA[2024-03-13 02:48:24]]></wp:post_modified>
		<wp:post_modified_gmt><![CDATA[2024-03-13 06:48:24]]></wp:post_modified_gmt>
		<wp:comment_status><![CDATA[closed]]></wp:comment_status>
		<wp:ping_status><![CDATA[closed]]></wp:ping_status>
		<wp:post_name><![CDATA[jill-m-albertelli]]></wp:post_name>
		<wp:status><![CDATA[publish]]></wp:status>
		<wp:post_parent>0</wp:post_parent>
		<wp:menu_order>0</wp:menu_order>
		<wp:post_type><![CDATA[nelagala-participant]]></wp:post_type>
		<wp:post_password><![CDATA[]]></wp:post_password>
		<wp:is_sticky>0</wp:is_sticky>
										<category domain="event_year" nicename="2024"><![CDATA[2024]]></category>
						<wp:postmeta>
		<wp:meta_key><![CDATA[_edit_last]]></wp:meta_key>
		<wp:meta_value><![CDATA[23]]></wp:meta_value>
		</wp:postmeta>
							<wp:postmeta>
		<wp:meta_key><![CDATA[photo]]></wp:meta_key>
		<wp:meta_value><![CDATA[7269]]></wp:meta_value>
		</wp:postmeta>
							<wp:postmeta>
		<wp:meta_key><![CDATA[_photo]]></wp:meta_key>
		<wp:meta_value><![CDATA[field_65e4fb8709a61]]></wp:meta_value>
		</wp:postmeta>
							<wp:postmeta>
		<wp:meta_key><![CDATA[title]]></wp:meta_key>
		<wp:meta_value><![CDATA[President, Military Engines, Pratt & Whitney]]></wp:meta_value>
		</wp:postmeta>
							<wp:postmeta>
		<wp:meta_key><![CDATA[_title]]></wp:meta_key>
		<wp:meta_value><![CDATA[field_65e502fc0c31c]]></wp:meta_value>
		</wp:postmeta>
							<wp:postmeta>
		<wp:meta_key><![CDATA[website]]></wp:meta_key>
		<wp:meta_value><![CDATA[https://www.prattwhitney.com/en/our-company/about/leadership-committee/jill-m-albertelli]]></wp:meta_value>
		</wp:postmeta>
							<wp:postmeta>
		<wp:meta_key><![CDATA[_website]]></wp:meta_key>
		<wp:meta_value><![CDATA[field_65e4fbdf09a64]]></wp:meta_value>
		</wp:postmeta>
							<wp:postmeta>
		<wp:meta_key><![CDATA[summary]]></wp:meta_key>
		<wp:meta_value><![CDATA[Jill Albertelli is the President of Military Engines at Pratt & Whitney, overseeing the development and support of military offerings like the F-22 and F-35 engines.  Jill is committed to advancing women in STEM fields and is actively involved in various organizations supporting this cause, such as the Society of Women Engineers and Women in Aviation International. ]]></wp:meta_value>
		</wp:postmeta>
							<wp:postmeta>
		<wp:meta_key><![CDATA[_summary]]></wp:meta_key>
		<wp:meta_value><![CDATA[field_65e4fbbc09a62]]></wp:meta_value>
		</wp:postmeta>
							<wp:postmeta>
		<wp:meta_key><![CDATA[bio]]></wp:meta_key>
		<wp:meta_value><![CDATA[]]></wp:meta_value>
		</wp:postmeta>
							<wp:postmeta>
		<wp:meta_key><![CDATA[_bio]]></wp:meta_key>
		<wp:meta_value><![CDATA[field_65eb5a5427978]]></wp:meta_value>
		</wp:postmeta>
							<wp:postmeta>
		<wp:meta_key><![CDATA[_yoast_wpseo_estimated-reading-time-minutes]]></wp:meta_key>
		<wp:meta_value><![CDATA[2]]></wp:meta_value>
		</wp:postmeta>
							<wp:postmeta>
		<wp:meta_key><![CDATA[_yoast_wpseo_wordproof_timestamp]]></wp:meta_key>
		<wp:meta_value><![CDATA[]]></wp:meta_value>
		</wp:postmeta>
							</item>
					<item>
		<title><![CDATA[F. Anthony Naccarato]]></title>
		<link>https://osdia-national-website.mmp/nelagala-participant/f-anthony-naccarato/</link>
		<pubDate>Tue, 12 Mar 2024 22:57:38 +0000</pubDate>
		<dc:creator><![CDATA[rob.moore@memberminderpro.com]]></dc:creator>
		<guid isPermaLink="false">http://osdia-national-website.mmp/?post_type=nelagala-participant&#038;p=7270</guid>
		<description></description>
		<content:encoded><![CDATA[Anthony’s family came to America from Italy in 1955, with his parents and six siblings. Anthony married his wife Mary, a now retired Occupational Therapist, in 1971. They have resided on Long Island since 1973 and they have two children, Christina, and Anthony, and three grandchildren, Samantha, Grace, and Anthony Ray. Mary and Anthony passionately believe that it is important to give back to the community and they have both been very involved in numerous charities and have personally raised hundreds of thousands of dollars for worthy causes.

Anthony has been a long-time member of the Sons and Daughters of Italy in America. After Forty-four years in the organization, and moving through the chairs, on June 1, 2019, he became NYS State President of the NYS Grand Lodge, the largest Grand Lodge in the nation with sixty Lodges. He served two years during the pandemic and maintained financial stability through budget cuts and innovative fundraising efforts. He successfully applied modern technology, such as Zoom, Telephone Conferencing, Constant Contact, a Podcast called “Italia Mia”, and a successful Facebook Live Show. He also personally produced twelve videos to maintain personal contact with the members. In 2020, Anthony envisioned a commemorative journal which came to fruition, with the help of a wonderful committee, as a Journal called “Questi Siamo Noi”- “This is Us”. The journal was a huge social and financial success. It was also distributed to every Grand Lodge nationwide. In December 2018, Anthony was Invested as a Cavaliere (Knight), into the “The Order of Merit of Savoy”, the former Royal Family of Italy. In 2022, the Grand Lodge of New York conferred Anthony the “Bene Emeritus Award” the highest honor awarded by the NYS Grand Lodge.

Anthony began in the maritime industry in 1965. While married with two children, working full time, and traveling extensively, he received a Summa Cum Laude degree in accounting from Nassau Community College and continued with the same distinction at Long Island University for business administration. In April 1970 he began a long career with Ogden Marine Inc. who later became OMI Inc. They operated a large fleet of American and foreign flag vessels. He began in accounting and eventually became Vice-President of Labor Relations in 1987, and Vice-President of Human Resources and Administration in 1993. The company grew rapidly, purchasing and building tankers, car carriers, and liquified propane gas vessels.

In 1997 OMI purchased Marine Transport Lines and separated into two companies – foreign flag and the American flag. Anthony remained with the American company, as Vice President of Labor Relations. In 2001, Crowley Maritime purchased MTL, and he was asked to remain. He semi-retired from Crowley from his everyday duties in 2010 but remains active with the company. Anthony will reach fifty-three years of service in April 2023, going back to Ogden Marine in April 1970. His total service to the maritime industry will reach 58 years in June 2023.

For fifteen years, he has been employer Chairman of the Seafarers International Union and the American Maritime Officers Pension and Welfare Funds and of two state-of-the-art training facilities. He has served on the SIU Trustee Board since 1978 and the AMO Board since 1984. The Boards manage over six billion dollars in assets. Anthony is President and Chairman of the American Maritime Officers Service, a Washington based association comprised of some of the largest American flag companies, that promotes the American flag maritime industry. He is also consultant to the American Maritime Association, a consortium of American flag shipping companies, and has served as Chairman of its Tanker Negotiating Committee for over twenty years. He is Chairman of the Executive Committee of the United Seamen’s Service, a non-profit, federally chartered organization founded by the United States Congress in 1942. The organization promotes the welfare of seafarers and the US military personnel overseas. USS has centers in Asia, Africa, and Europe.

Anthony has received numerous maritime awards, along with many community honors. He has received the “Man of the Year Award” from the Maritime Port Council of Greater New York and New Jersey, and the Lifetime Achievement Award from American Safety, an organization that promotes maritime health and safety. He has also received the “Outstanding Friend of Seafarers Award” from the Seafarers International House. This past March he received the 253rd “Lifetime Achievement Award” from The Marine Society of the City of New York. Anthony is exceptionally proud that in 2021 he received the Admiral of The Ocean Sea Award and the Columbus Statue. – the most prestigious honor awarded in the international maritime industry.]]></content:encoded>
		<excerpt:encoded><![CDATA[]]></excerpt:encoded>
		<wp:post_id>7270</wp:post_id>
		<wp:post_date><![CDATA[2024-03-12 18:57:38]]></wp:post_date>
		<wp:post_date_gmt><![CDATA[2024-03-12 22:57:38]]></wp:post_date_gmt>
		<wp:post_modified><![CDATA[2024-03-16 22:52:05]]></wp:post_modified>
		<wp:post_modified_gmt><![CDATA[2024-03-17 02:52:05]]></wp:post_modified_gmt>
		<wp:comment_status><![CDATA[closed]]></wp:comment_status>
		<wp:ping_status><![CDATA[closed]]></wp:ping_status>
		<wp:post_name><![CDATA[f-anthony-naccarato]]></wp:post_name>
		<wp:status><![CDATA[publish]]></wp:status>
		<wp:post_parent>0</wp:post_parent>
		<wp:menu_order>0</wp:menu_order>
		<wp:post_type><![CDATA[nelagala-participant]]></wp:post_type>
		<wp:post_password><![CDATA[]]></wp:post_password>
		<wp:is_sticky>0</wp:is_sticky>
										<category domain="event_year" nicename="2024"><![CDATA[2024]]></category>
						<wp:postmeta>
		<wp:meta_key><![CDATA[_edit_last]]></wp:meta_key>
		<wp:meta_value><![CDATA[23]]></wp:meta_value>
		</wp:postmeta>
							<wp:postmeta>
		<wp:meta_key><![CDATA[photo]]></wp:meta_key>
		<wp:meta_value><![CDATA[7271]]></wp:meta_value>
		</wp:postmeta>
							<wp:postmeta>
		<wp:meta_key><![CDATA[_photo]]></wp:meta_key>
		<wp:meta_value><![CDATA[field_65e4fb8709a61]]></wp:meta_value>
		</wp:postmeta>
							<wp:postmeta>
		<wp:meta_key><![CDATA[title]]></wp:meta_key>
		<wp:meta_value><![CDATA[President and Chairman, American Maritime Officers Service]]></wp:meta_value>
		</wp:postmeta>
							<wp:postmeta>
		<wp:meta_key><![CDATA[_title]]></wp:meta_key>
		<wp:meta_value><![CDATA[field_65e502fc0c31c]]></wp:meta_value>
		</wp:postmeta>
							<wp:postmeta>
		<wp:meta_key><![CDATA[website]]></wp:meta_key>
		<wp:meta_value><![CDATA[http://www.amos-maritime.com]]></wp:meta_value>
		</wp:postmeta>
							<wp:postmeta>
		<wp:meta_key><![CDATA[_website]]></wp:meta_key>
		<wp:meta_value><![CDATA[field_65e4fbdf09a64]]></wp:meta_value>
		</wp:postmeta>
							<wp:postmeta>
		<wp:meta_key><![CDATA[summary]]></wp:meta_key>
		<wp:meta_value><![CDATA[Anthony, a first-generation Italian American, has dedicated his life to his family and a remarkable career in the maritime industry spanning 58 years. ]]></wp:meta_value>
		</wp:postmeta>
							<wp:postmeta>
		<wp:meta_key><![CDATA[_summary]]></wp:meta_key>
		<wp:meta_value><![CDATA[field_65e4fbbc09a62]]></wp:meta_value>
		</wp:postmeta>
							<wp:postmeta>
		<wp:meta_key><![CDATA[bio]]></wp:meta_key>
		<wp:meta_value><![CDATA[]]></wp:meta_value>
		</wp:postmeta>
							<wp:postmeta>
		<wp:meta_key><![CDATA[_bio]]></wp:meta_key>
		<wp:meta_value><![CDATA[field_65eb5a5427978]]></wp:meta_value>
		</wp:postmeta>
							<wp:postmeta>
		<wp:meta_key><![CDATA[_yoast_wpseo_estimated-reading-time-minutes]]></wp:meta_key>
		<wp:meta_value><![CDATA[4]]></wp:meta_value>
		</wp:postmeta>
							<wp:postmeta>
		<wp:meta_key><![CDATA[_yoast_wpseo_wordproof_timestamp]]></wp:meta_key>
		<wp:meta_value><![CDATA[]]></wp:meta_value>
		</wp:postmeta>
							<wp:postmeta>
		<wp:meta_key><![CDATA[_thumbnail_id]]></wp:meta_key>
		<wp:meta_value><![CDATA[7271]]></wp:meta_value>
		</wp:postmeta>
							</item>
					<item>
		<title><![CDATA[Ambassador Mariangela Zappia]]></title>
		<link>https://osdia-national-website.mmp/nelagala-participant/ambassador-mariangela-zappia/</link>
		<pubDate>Tue, 12 Mar 2024 22:59:32 +0000</pubDate>
		<dc:creator><![CDATA[rob.moore@memberminderpro.com]]></dc:creator>
		<guid isPermaLink="false">http://osdia-national-website.mmp/?post_type=nelagala-participant&#038;p=7272</guid>
		<description></description>
		<content:encoded><![CDATA[Mariangela Zappia is the Italian Ambassador to the United States of America. A career diplomat with over thirty-five years of experience, she is the first woman in her country to hold this position, as she was the first woman Permanent Representative of Italy to the United Nations in New York and to the North Atlantic Treaty Organization (NATO). She was also the first woman Diplomatic Advisor to the Italian Prime Minister and G7/G20 Sherpa.

Additionally, Ambassador Zappia has served as Head of the European Union Delegation to the UN and other International Organizations, and Ministry Plenipotentiary at the Permanent Mission of Italy to the UN and other International Organizations, both in Geneva, Switzerland. She has also served as First Counsellor at the Permanent Mission of Italy to the UN in New York in the early 2000s and First Counsellor at the Italian Embassy in Brussels throughout the late 1990s.

She holds a Master’s degree in Political Science and International Relations from the University of Florence, as well as a post-graduate degree in Diplomatic and International Relations from the same. She has followed periodic high-level training courses on diplomatic practice and management at the Diplomatic Academy of the Italian Ministry of Foreign Affairs in Rome.

She has published works on reforming the UN Security Council and on Italy’s contributions to UN peacekeeping operations, and is a regular speaker at international conferences regarding Italian foreign policy, multilateral and global issues.

She is an active member of the International Gender Champions Network aimed at promoting gender parity and women’s participation in decision-making. In 2019, she was awarded with the “Mela d’Oro” (Golden Apple) by the “Fondazione Marisa Bellisario” in recognition of her contribution to the advancement of women in public institutions.

She has been awarded the decoration of “Commendatore” (Commander) of the Order of Merit of the Italian Republic. She speaks fluent English and French,  and has a good knowledge of Spanish. She’s the mother of Claire, 28, and Christian, 24.]]></content:encoded>
		<excerpt:encoded><![CDATA[]]></excerpt:encoded>
		<wp:post_id>7272</wp:post_id>
		<wp:post_date><![CDATA[2024-03-12 18:59:32]]></wp:post_date>
		<wp:post_date_gmt><![CDATA[2024-03-12 22:59:32]]></wp:post_date_gmt>
		<wp:post_modified><![CDATA[2024-03-13 02:44:45]]></wp:post_modified>
		<wp:post_modified_gmt><![CDATA[2024-03-13 06:44:45]]></wp:post_modified_gmt>
		<wp:comment_status><![CDATA[closed]]></wp:comment_status>
		<wp:ping_status><![CDATA[closed]]></wp:ping_status>
		<wp:post_name><![CDATA[ambassador-mariangela-zappia]]></wp:post_name>
		<wp:status><![CDATA[publish]]></wp:status>
		<wp:post_parent>0</wp:post_parent>
		<wp:menu_order>0</wp:menu_order>
		<wp:post_type><![CDATA[nelagala-participant]]></wp:post_type>
		<wp:post_password><![CDATA[]]></wp:post_password>
		<wp:is_sticky>0</wp:is_sticky>
										<category domain="event_year" nicename="2024"><![CDATA[2024]]></category>
						<wp:postmeta>
		<wp:meta_key><![CDATA[_edit_last]]></wp:meta_key>
		<wp:meta_value><![CDATA[23]]></wp:meta_value>
		</wp:postmeta>
							<wp:postmeta>
		<wp:meta_key><![CDATA[photo]]></wp:meta_key>
		<wp:meta_value><![CDATA[7273]]></wp:meta_value>
		</wp:postmeta>
							<wp:postmeta>
		<wp:meta_key><![CDATA[_photo]]></wp:meta_key>
		<wp:meta_value><![CDATA[field_65e4fb8709a61]]></wp:meta_value>
		</wp:postmeta>
							<wp:postmeta>
		<wp:meta_key><![CDATA[title]]></wp:meta_key>
		<wp:meta_value><![CDATA[Italian Ambassador to the United States of America]]></wp:meta_value>
		</wp:postmeta>
							<wp:postmeta>
		<wp:meta_key><![CDATA[_title]]></wp:meta_key>
		<wp:meta_value><![CDATA[field_65e502fc0c31c]]></wp:meta_value>
		</wp:postmeta>
							<wp:postmeta>
		<wp:meta_key><![CDATA[website]]></wp:meta_key>
		<wp:meta_value><![CDATA[https://ambwashingtondc.esteri.it/en/chi-siamo/lambasciatore/biografia-ambasciatore/]]></wp:meta_value>
		</wp:postmeta>
							<wp:postmeta>
		<wp:meta_key><![CDATA[_website]]></wp:meta_key>
		<wp:meta_value><![CDATA[field_65e4fbdf09a64]]></wp:meta_value>
		</wp:postmeta>
							<wp:postmeta>
		<wp:meta_key><![CDATA[summary]]></wp:meta_key>
		<wp:meta_value><![CDATA[Italy's Ambassador to the United States is a distinguished diplomat with over 35 years of experience. She's the first woman to hold several key diplomatic positions, including Permanent Representative to the UN in New York and to NATO. She's authored works on UN reform and Italy's peacekeeping contributions and is a proud mother of two.]]></wp:meta_value>
		</wp:postmeta>
							<wp:postmeta>
		<wp:meta_key><![CDATA[_summary]]></wp:meta_key>
		<wp:meta_value><![CDATA[field_65e4fbbc09a62]]></wp:meta_value>
		</wp:postmeta>
							<wp:postmeta>
		<wp:meta_key><![CDATA[bio]]></wp:meta_key>
		<wp:meta_value><![CDATA[]]></wp:meta_value>
		</wp:postmeta>
							<wp:postmeta>
		<wp:meta_key><![CDATA[_bio]]></wp:meta_key>
		<wp:meta_value><![CDATA[field_65eb5a5427978]]></wp:meta_value>
		</wp:postmeta>
							<wp:postmeta>
		<wp:meta_key><![CDATA[_yoast_wpseo_estimated-reading-time-minutes]]></wp:meta_key>
		<wp:meta_value><![CDATA[3]]></wp:meta_value>
		</wp:postmeta>
							<wp:postmeta>
		<wp:meta_key><![CDATA[_yoast_wpseo_wordproof_timestamp]]></wp:meta_key>
		<wp:meta_value><![CDATA[]]></wp:meta_value>
		</wp:postmeta>
							</item>
				</channel>
</rss>
	